task_id,policy,policy_label,data_sha256,specialist_sha256,experiment_sha256,checkpoint_sha256,config_sha256,cost_comparison_valid,token_billing_status,category,split,template_family,generalization,task_success,grader_score,controller_tokens,downstream_tokens,total_tokens,agent_calls,rounds,routing_calls,wall_clock_seconds,controller_seconds,controller_overhead_fraction,controller_token_fraction,controller_cost_usd,downstream_cost_usd,cost_usd,controller_cost_fraction,communication_edges,unique_communication_edges,physical_controller_agent_messages,logical_inter_agent_edges,communication_density,communication_sparsity,communication_message_bytes,communication_estimated_tokens,activation_sparsity,family,dependency_stages,structure_ood,repetition
39bdc14b13d16009,public_state_rules,public_state_rules,5c5a777629c83a60f1ef90ba1340aa5327f120bca4b2fb28627db7704fb0734f,,,,,False,unknown_or_proxy_tokens,coordination_workflow,dev,retrieve_then_calculate,seen_family,True,1.0,0,109,109,2,1,2,0.05961474997457117,0.0005087919998914003,0.008534666338589476,0.0,0.0,0.0,0.0,,5,5,4,1,0.06172839506172839,0.9382716049382716,3309,109,0.75,retrieve_then_calculate,2,False,0
998e1e954de1bc6a,public_state_rules,public_state_rules,5c5a777629c83a60f1ef90ba1340aa5327f120bca4b2fb28627db7704fb0734f,,,,,False,unknown_or_proxy_tokens,coordination_workflow,dev,retrieve_code_then_verify,seen_family,True,1.0,0,107,107,2,1,2,0.039884625002741814,9.350001346319914e-05,0.0023442620673197155,0.0,0.0,0.0,0.0,,5,5,4,1,0.06172839506172839,0.9382716049382716,3337,107,0.75,retrieve_code_then_verify,2,False,0
087db44fff9c6d60,public_state_rules,public_state_rules,5c5a777629c83a60f1ef90ba1340aa5327f120bca4b2fb28627db7704fb0734f,,,,,False,unknown_or_proxy_tokens,coordination_workflow,dev,research_then_verify,seen_family,True,1.0,0,113,113,2,1,2,0.38652491598622873,0.00011566706234589219,0.0002992486578795692,0.0,0.0,0.0,0.0,,5,5,4,1,0.06172839506172839,0.9382716049382716,3906,113,0.75,research_then_verify,2,False,0
00d9e45eb92eb6e4,public_state_rules,public_state_rules,5c5a777629c83a60f1ef90ba1340aa5327f120bca4b2fb28627db7704fb0734f,,,,,False,unknown_or_proxy_tokens,coordination_workflow,dev,parallel_evidence_then_combine,seen_family,True,1.0,0,202,202,3,2,3,0.040299665997736156,0.00019137503113597631,0.004748799435378121,0.0,0.0,0.0,0.0,,8,8,6,2,0.09876543209876543,0.9012345679012346,6331,202,0.8125,parallel_evidence_then_combine,2,False,0
c94d98484b4b0225,public_state_rules,public_state_rules,5c5a777629c83a60f1ef90ba1340aa5327f120bca4b2fb28627db7704fb0734f,,,,,False,unknown_or_proxy_tokens,coordination_workflow,dev,distractor_evidence_then_verify,seen_family,True,1.0,0,233,233,3,1,2,0.04017408296931535,0.0001210839836858213,0.003013982516497123,0.0,0.0,0.0,0.0,,9,9,6,3,0.1111111111111111,0.8888888888888888,8256,233,0.625,distractor_evidence_then_verify,3,False,0
10f39a8f8c5d33e8,public_state_rules,public_state_rules,5c5a777629c83a60f1ef90ba1340aa5327f120bca4b2fb28627db7704fb0734f,,,,,False,unknown_or_proxy_tokens,coordination_workflow,dev,tool_failure_then_recover,seen_family,True,1.0,0,170,170,2,2,3,0.04000508302124217,0.00017558399122208357,0.004389042040703947,0.0,0.0,0.0,0.0,,5,5,4,1,0.06172839506172839,0.9382716049382716,5506,170,0.875,tool_failure_then_recover,2,False,0
54d3950aa02ad075,public_state_rules,public_state_rules,5c5a777629c83a60f1ef90ba1340aa5327f120bca4b2fb28627db7704fb0734f,,,,,False,unknown_or_proxy_tokens,coordination_workflow,dev,retrieve_then_calculate,seen_family,True,1.0,0,229,229,3,1,2,0.03990991704631597,0.00011562497820705175,0.0028971490487656863,0.0,0.0,0.0,0.0,,9,9,6,3,0.1111111111111111,0.8888888888888888,7450,229,0.625,retrieve_then_calculate,3,False,0
e2e283a81cc9d490,public_state_rules,public_state_rules,5c5a777629c83a60f1ef90ba1340aa5327f120bca4b2fb28627db7704fb0734f,,,,,False,unknown_or_proxy_tokens,coordination_workflow,dev,retrieve_code_then_verify,seen_family,True,1.0,0,234,234,3,2,3,0.04012350004632026,0.00018012500368058681,0.004489264482725658,0.0,0.0,0.0,0.0,,9,9,6,3,0.1111111111111111,0.8888888888888888,7602,234,0.8125,retrieve_code_then_verify,3,False,0
aa5e84dd02119906,public_state_rules,public_state_rules,5c5a777629c83a60f1ef90ba1340aa5327f120bca4b2fb28627db7704fb0734f,,,,,False,unknown_or_proxy_tokens,coordination_workflow,dev,research_then_verify,seen_family,True,1.0,0,260,260,3,2,3,0.040286250005010515,0.00019925000378862023,0.004945856309878406,0.0,0.0,0.0,0.0,,9,9,6,3,0.1111111111111111,0.8888888888888888,9625,260,0.8125,research_then_verify,3,False,0
9f3c239a8cb07bd0,public_state_rules,public_state_rules,5c5a777629c83a60f1ef90ba1340aa5327f120bca4b2fb28627db7704fb0734f,,,,,False,unknown_or_proxy_tokens,coordination_workflow,dev,parallel_evidence_then_combine,seen_family,True,1.0,0,381,381,4,2,3,0.04051000002073124,0.0001988340518437326,0.0049082708403351775,0.0,0.0,0.0,0.0,,13,13,8,5,0.16049382716049382,0.8395061728395061,12584,381,0.75,parallel_evidence_then_combine,3,False,0
ac1695d74f2cd77f,public_state_rules,public_state_rules,5c5a777629c83a60f1ef90ba1340aa5327f120bca4b2fb28627db7704fb0734f,,,,,False,unknown_or_proxy_tokens,coordination_workflow,dev,distractor_evidence_then_verify,seen_family,True,1.0,0,427,427,4,2,3,0.041028874984476715,0.00024499895516783,0.005971378821879114,0.0,0.0,0.0,0.0,,14,14,8,6,0.1728395061728395,0.8271604938271605,15921,427,0.75,distractor_evidence_then_verify,4,False,0
334a13dd0cf76d63,public_state_rules,public_state_rules,5c5a777629c83a60f1ef90ba1340aa5327f120bca4b2fb28627db7704fb0734f,,,,,False,unknown_or_proxy_tokens,coordination_workflow,dev,tool_failure_then_recover,seen_family,True,1.0,0,361,361,3,2,3,0.0406956669758074,0.00020795903401449323,0.005110102609649325,0.0,0.0,0.0,0.0,,9,9,6,3,0.1111111111111111,0.8888888888888888,12522,361,0.8125,tool_failure_then_recover,3,False,0
78e2647184b7e98a,public_state_rules,public_state_rules,5c5a777629c83a60f1ef90ba1340aa5327f120bca4b2fb28627db7704fb0734f,,,,,False,unknown_or_proxy_tokens,coordination_workflow,dev,retrieve_then_calculate,seen_family,True,1.0,0,109,109,2,1,2,0.039804166997782886,9.62500344030559e-05,0.002418089402760698,0.0,0.0,0.0,0.0,,5,5,4,1,0.06172839506172839,0.9382716049382716,3310,109,0.75,retrieve_then_calculate,2,False,0
f597e2883883d284,public_state_rules,public_state_rules,5c5a777629c83a60f1ef90ba1340aa5327f120bca4b2fb28627db7704fb0734f,,,,,False,unknown_or_proxy_tokens,coordination_workflow,dev,retrieve_code_then_verify,seen_family,True,1.0,0,107,107,2,1,2,0.0400740000186488,9.358295938000083e-05,0.002335253763947975,0.0,0.0,0.0,0.0,,5,5,4,1,0.06172839506172839,0.9382716049382716,3337,107,0.75,retrieve_code_then_verify,2,False,0
7bc18446c4759e45,public_state_rules,public_state_rules,5c5a777629c83a60f1ef90ba1340aa5327f120bca4b2fb28627db7704fb0734f,,,,,False,unknown_or_proxy_tokens,coordination_workflow,dev,research_then_verify,seen_family,True,1.0,0,113,113,2,1,2,0.04025237500900403,0.00010191701585426927,0.0025319503714121595,0.0,0.0,0.0,0.0,,5,5,4,1,0.06172839506172839,0.9382716049382716,3906,113,0.75,research_then_verify,2,False,0
bcfeb52724a4227c,public_state_rules,public_state_rules,5c5a777629c83a60f1ef90ba1340aa5327f120bca4b2fb28627db7704fb0734f,,,,,False,unknown_or_proxy_tokens,coordination_workflow,dev,parallel_evidence_then_combine,seen_family,True,1.0,0,202,202,3,2,3,0.04003233305411413,0.00017816602485254407,0.0044505531219403635,0.0,0.0,0.0,0.0,,8,8,6,2,0.09876543209876543,0.9012345679012346,6332,202,0.8125,parallel_evidence_then_combine,2,False,0
ff5d6a69ae5ada03,public_state_rules,public_state_rules,5c5a777629c83a60f1ef90ba1340aa5327f120bca4b2fb28627db7704fb0734f,,,,,False,unknown_or_proxy_tokens,coordination_workflow,dev,distractor_evidence_then_verify,seen_family,True,1.0,0,233,233,3,1,2,0.04003775003366172,0.00012158305617049336,0.0030367105061666166,0.0,0.0,0.0,0.0,,9,9,6,3,0.1111111111111111,0.8888888888888888,8249,233,0.625,distractor_evidence_then_verify,3,False,0
1ea0420702fba981,public_state_rules,public_state_rules,5c5a777629c83a60f1ef90ba1340aa5327f120bca4b2fb28627db7704fb0734f,,,,,False,unknown_or_proxy_tokens,coordination_workflow,dev,tool_failure_then_recover,seen_family,True,1.0,0,170,170,2,2,3,0.03997979196719825,0.00017670803936198354,0.0044199339382997565,0.0,0.0,0.0,0.0,,5,5,4,1,0.06172839506172839,0.9382716049382716,5506,170,0.875,tool_failure_then_recover,2,False,0
7d3f34748d80272c,public_state_rules,public_state_rules,5c5a777629c83a60f1ef90ba1340aa5327f120bca4b2fb28627db7704fb0734f,,,,,False,unknown_or_proxy_tokens,coordination_workflow,dev,retrieve_then_calculate,seen_family,True,1.0,0,229,229,3,1,2,0.04003762500360608,0.00011270801769569516,0.0028150525333494147,0.0,0.0,0.0,0.0,,9,9,6,3,0.1111111111111111,0.8888888888888888,7450,229,0.625,retrieve_then_calculate,3,False,0
edf3c2b5146a2ce2,public_state_rules,public_state_rules,5c5a777629c83a60f1ef90ba1340aa5327f120bca4b2fb28627db7704fb0734f,,,,,False,unknown_or_proxy_tokens,coordination_workflow,dev,retrieve_code_then_verify,seen_family,True,1.0,0,234,234,3,2,3,0.04019224998774007,0.00017433497123420238,0.004337527042834879,0.0,0.0,0.0,0.0,,9,9,6,3,0.1111111111111111,0.8888888888888888,7604,234,0.8125,retrieve_code_then_verify,3,False,0
1948ec90f39d733a,public_state_rules,public_state_rules,5c5a777629c83a60f1ef90ba1340aa5327f120bca4b2fb28627db7704fb0734f,,,,,False,unknown_or_proxy_tokens,coordination_workflow,dev,research_then_verify,seen_family,True,1.0,0,260,260,3,2,3,0.040178583993110806,0.00019704201258718967,0.004904155224110819,0.0,0.0,0.0,0.0,,9,9,6,3,0.1111111111111111,0.8888888888888888,9623,260,0.8125,research_then_verify,3,False,0
aa8b81e60ed6c51b,public_state_rules,public_state_rules,5c5a777629c83a60f1ef90ba1340aa5327f120bca4b2fb28627db7704fb0734f,,,,,False,unknown_or_proxy_tokens,coordination_workflow,dev,parallel_evidence_then_combine,seen_family,True,1.0,0,381,381,4,2,3,0.04035795800155029,0.0001991660101339221,0.004934987298571237,0.0,0.0,0.0,0.0,,13,13,8,5,0.16049382716049382,0.8395061728395061,12582,381,0.75,parallel_evidence_then_combine,3,False,0
e76bdefc306ad422,public_state_rules,public_state_rules,5c5a777629c83a60f1ef90ba1340aa5327f120bca4b2fb28627db7704fb0734f,,,,,False,unknown_or_proxy_tokens,coordination_workflow,dev,distractor_evidence_then_verify,seen_family,True,1.0,0,427,427,4,2,3,0.08480204100487754,0.0002530000638216734,0.0029834195123572753,0.0,0.0,0.0,0.0,,14,14,8,6,0.1728395061728395,0.8271604938271605,15906,427,0.75,distractor_evidence_then_verify,4,False,0
fb8a92fc11d40775,public_state_rules,public_state_rules,5c5a777629c83a60f1ef90ba1340aa5327f120bca4b2fb28627db7704fb0734f,,,,,False,unknown_or_proxy_tokens,coordination_workflow,dev,tool_failure_then_recover,seen_family,True,1.0,0,361,361,3,2,3,0.04069387499475852,0.00020074902568012476,0.004933150890790857,0.0,0.0,0.0,0.0,,9,9,6,3,0.1111111111111111,0.8888888888888888,12522,361,0.8125,tool_failure_then_recover,3,False,0
0af9e501eed0cb8d,public_state_rules,public_state_rules,5c5a777629c83a60f1ef90ba1340aa5327f120bca4b2fb28627db7704fb0734f,,,,,False,unknown_or_proxy_tokens,coordination_workflow,dev,retrieve_then_calculate,seen_family,True,1.0,0,109,109,2,1,2,0.039768332964740694,8.95840348675847e-05,0.0022526474757443692,0.0,0.0,0.0,0.0,,5,5,4,1,0.06172839506172839,0.9382716049382716,3309,109,0.75,retrieve_then_calculate,2,False,0
3fd660d316598b32,public_state_rules,public_state_rules,5c5a777629c83a60f1ef90ba1340aa5327f120bca4b2fb28627db7704fb0734f,,,,,False,unknown_or_proxy_tokens,coordination_workflow,dev,retrieve_code_then_verify,seen_family,True,1.0,0,107,107,2,1,2,0.03994716698070988,8.750002598389983e-05,0.002190393777515006,0.0,0.0,0.0,0.0,,5,5,4,1,0.06172839506172839,0.9382716049382716,3337,107,0.75,retrieve_code_then_verify,2,False,0
ead18ac280292055,public_state_rules,public_state_rules,5c5a777629c83a60f1ef90ba1340aa5327f120bca4b2fb28627db7704fb0734f,,,,,False,unknown_or_proxy_tokens,coordination_workflow,dev,research_then_verify,seen_family,True,1.0,0,113,113,2,1,2,0.03999083396047354,9.93329449556768e-05,0.002483892810383907,0.0,0.0,0.0,0.0,,5,5,4,1,0.06172839506172839,0.9382716049382716,3907,113,0.75,research_then_verify,2,False,0
6e22e2e5a3128fd4,public_state_rules,public_state_rules,5c5a777629c83a60f1ef90ba1340aa5327f120bca4b2fb28627db7704fb0734f,,,,,False,unknown_or_proxy_tokens,coordination_workflow,dev,parallel_evidence_then_combine,seen_family,True,1.0,0,202,202,3,2,3,0.04017633298644796,0.00017537502571940422,0.00436513272076276,0.0,0.0,0.0,0.0,,8,8,6,2,0.09876543209876543,0.9012345679012346,6331,202,0.8125,parallel_evidence_then_combine,2,False,0
94a37f1a2f5e5c8c,public_state_rules,public_state_rules,5c5a777629c83a60f1ef90ba1340aa5327f120bca4b2fb28627db7704fb0734f,,,,,False,unknown_or_proxy_tokens,coordination_workflow,dev,distractor_evidence_then_verify,seen_family,True,1.0,0,233,233,3,1,2,0.04080841701943427,0.0001360830501653254,0.0033346809336053957,0.0,0.0,0.0,0.0,,9,9,6,3,0.1111111111111111,0.8888888888888888,8247,233,0.625,distractor_evidence_then_verify,3,False,0
c70759bd76dc2293,public_state_rules,public_state_rules,5c5a777629c83a60f1ef90ba1340aa5327f120bca4b2fb28627db7704fb0734f,,,,,False,unknown_or_proxy_tokens,coordination_workflow,dev,tool_failure_then_recover,seen_family,True,1.0,0,170,170,2,2,3,0.04005641600815579,0.00017674994887784123,0.00441252529536975,0.0,0.0,0.0,0.0,,5,5,4,1,0.06172839506172839,0.9382716049382716,5506,170,0.875,tool_failure_then_recover,2,False,0
7fce7893aab45f44,public_state_rules,public_state_rules,5c5a777629c83a60f1ef90ba1340aa5327f120bca4b2fb28627db7704fb0734f,,,,,False,unknown_or_proxy_tokens,coordination_workflow,dev,retrieve_then_calculate,seen_family,True,1.0,0,229,229,3,1,2,0.03980195801705122,0.00011116696987301111,0.002793002540864623,0.0,0.0,0.0,0.0,,9,9,6,3,0.1111111111111111,0.8888888888888888,7450,229,0.625,retrieve_then_calculate,3,False,0
591e69c81b2c582d,public_state_rules,public_state_rules,5c5a777629c83a60f1ef90ba1340aa5327f120bca4b2fb28627db7704fb0734f,,,,,False,unknown_or_proxy_tokens,coordination_workflow,dev,retrieve_code_then_verify,seen_family,True,1.0,0,234,234,3,2,3,0.04020641703391448,0.00017383304657414556,0.004323514985866953,0.0,0.0,0.0,0.0,,9,9,6,3,0.1111111111111111,0.8888888888888888,7604,234,0.8125,retrieve_code_then_verify,3,False,0
9d52262d1f0e9f5e,public_state_rules,public_state_rules,5c5a777629c83a60f1ef90ba1340aa5327f120bca4b2fb28627db7704fb0734f,,,,,False,unknown_or_proxy_tokens,coordination_workflow,dev,research_then_verify,seen_family,True,1.0,0,260,260,3,2,3,0.04034791700541973,0.00019795901607722044,0.004906300765182738,0.0,0.0,0.0,0.0,,9,9,6,3,0.1111111111111111,0.8888888888888888,9625,260,0.8125,research_then_verify,3,False,0
c0b000f5e83fe698,public_state_rules,public_state_rules,5c5a777629c83a60f1ef90ba1340aa5327f120bca4b2fb28627db7704fb0734f,,,,,False,unknown_or_proxy_tokens,coordination_workflow,dev,parallel_evidence_then_combine,seen_family,True,1.0,0,381,381,4,2,3,0.04045412497362122,0.00019879196770489216,0.0049140098280340445,0.0,0.0,0.0,0.0,,13,13,8,5,0.16049382716049382,0.8395061728395061,12584,381,0.75,parallel_evidence_then_combine,3,False,0
a2afaecafbe85555,public_state_rules,public_state_rules,5c5a777629c83a60f1ef90ba1340aa5327f120bca4b2fb28627db7704fb0734f,,,,,False,unknown_or_proxy_tokens,coordination_workflow,dev,distractor_evidence_then_verify,seen_family,True,1.0,0,427,427,4,2,3,0.04128758399747312,0.00024750002194195986,0.005994538744555926,0.0,0.0,0.0,0.0,,14,14,8,6,0.1728395061728395,0.8271604938271605,15918,427,0.75,distractor_evidence_then_verify,4,False,0
28126192bfc9ac93,public_state_rules,public_state_rules,5c5a777629c83a60f1ef90ba1340aa5327f120bca4b2fb28627db7704fb0734f,,,,,False,unknown_or_proxy_tokens,coordination_workflow,dev,tool_failure_then_recover,seen_family,True,1.0,0,361,361,3,2,3,0.04152062500361353,0.0002006680006161332,0.004832971579755101,0.0,0.0,0.0,0.0,,9,9,6,3,0.1111111111111111,0.8888888888888888,12522,361,0.8125,tool_failure_then_recover,3,False,0
39bdc14b13d16009,frozen_selected_head,frozen_selected_head,5c5a777629c83a60f1ef90ba1340aa5327f120bca4b2fb28627db7704fb0734f,,,,,False,unknown_or_proxy_tokens,coordination_workflow,dev,retrieve_then_calculate,seen_family,True,1.0,540,109,649,2,1,2,1.4776261660153978,1.436588708020281,0.9722274422726424,0.8320493066255779,0.0,0.0,0.0,,5,5,4,1,0.06172839506172839,0.9382716049382716,3311,109,0.75,retrieve_then_calculate,2,False,0
998e1e954de1bc6a,frozen_selected_head,frozen_selected_head,5c5a777629c83a60f1ef90ba1340aa5327f120bca4b2fb28627db7704fb0734f,,,,,False,unknown_or_proxy_tokens,coordination_workflow,dev,retrieve_code_then_verify,seen_family,True,1.0,543,107,650,2,1,2,1.0071362500311807,0.9147792090079747,0.9082973718597195,0.8353846153846154,0.0,0.0,0.0,,5,5,4,1,0.06172839506172839,0.9382716049382716,3338,107,0.75,retrieve_code_then_verify,2,False,0
087db44fff9c6d60,frozen_selected_head,frozen_selected_head,5c5a777629c83a60f1ef90ba1340aa5327f120bca4b2fb28627db7704fb0734f,,,,,False,unknown_or_proxy_tokens,coordination_workflow,dev,research_then_verify,seen_family,True,1.0,569,113,682,2,1,2,0.9909313329844736,0.9502825839444995,0.9589792474140981,0.8343108504398827,0.0,0.0,0.0,,5,5,4,1,0.06172839506172839,0.9382716049382716,3907,113,0.75,research_then_verify,2,False,0
00d9e45eb92eb6e4,frozen_selected_head,frozen_selected_head,5c5a777629c83a60f1ef90ba1340aa5327f120bca4b2fb28627db7704fb0734f,,,,,False,unknown_or_proxy_tokens,coordination_workflow,dev,parallel_evidence_then_combine,seen_family,True,1.0,962,202,1164,3,2,3,1.5995968749630265,1.5584388750139624,0.9742697672186841,0.8264604810996563,0.0,0.0,0.0,,8,8,6,2,0.09876543209876543,0.9012345679012346,6347,202,0.8125,parallel_evidence_then_combine,2,False,0
c94d98484b4b0225,frozen_selected_head,frozen_selected_head,5c5a777629c83a60f1ef90ba1340aa5327f120bca4b2fb28627db7704fb0734f,,,,,False,unknown_or_proxy_tokens,coordination_workflow,dev,distractor_evidence_then_verify,seen_family,True,1.0,579,233,812,3,1,2,1.015599625010509,0.973637624992989,0.9586825369130224,0.7130541871921182,0.0,0.0,0.0,,9,9,6,3,0.1111111111111111,0.8888888888888888,8256,233,0.625,distractor_evidence_then_verify,3,False,0
10f39a8f8c5d33e8,frozen_selected_head,frozen_selected_head,5c5a777629c83a60f1ef90ba1340aa5327f120bca4b2fb28627db7704fb0734f,,,,,False,unknown_or_proxy_tokens,coordination_workflow,dev,tool_failure_then_recover,seen_family,True,1.0,941,170,1111,2,2,3,1.6378419579705223,1.5958721669157967,0.9743749445112939,0.846984698469847,0.0,0.0,0.0,,5,5,4,1,0.06172839506172839,0.9382716049382716,5521,170,0.875,tool_failure_then_recover,2,False,0
54d3950aa02ad075,frozen_selected_head,frozen_selected_head,5c5a777629c83a60f1ef90ba1340aa5327f120bca4b2fb28627db7704fb0734f,,,,,False,unknown_or_proxy_tokens,coordination_workflow,dev,retrieve_then_calculate,seen_family,True,1.0,541,229,770,3,1,2,0.953026375034824,0.9121897079749033,0.9571505384009665,0.7025974025974026,0.0,0.0,0.0,,9,9,6,3,0.1111111111111111,0.8888888888888888,7452,229,0.625,retrieve_then_calculate,3,False,0
e2e283a81cc9d490,frozen_selected_head,frozen_selected_head,5c5a777629c83a60f1ef90ba1340aa5327f120bca4b2fb28627db7704fb0734f,,,,,False,unknown_or_proxy_tokens,coordination_workflow,dev,retrieve_code_then_verify,seen_family,True,1.0,926,234,1160,3,2,3,1.5442541249794886,1.503126333002001,0.9733672124864593,0.7982758620689655,0.0,0.0,0.0,,9,9,6,3,0.1111111111111111,0.8888888888888888,7621,234,0.8125,retrieve_code_then_verify,3,False,0
aa5e84dd02119906,frozen_selected_head,frozen_selected_head,5c5a777629c83a60f1ef90ba1340aa5327f120bca4b2fb28627db7704fb0734f,,,,,False,unknown_or_proxy_tokens,coordination_workflow,dev,research_then_verify,seen_family,True,1.0,960,260,1220,3,2,3,1.5870752499904484,1.54603445896646,0.9741406143002764,0.7868852459016393,0.0,0.0,0.0,,9,9,6,3,0.1111111111111111,0.8888888888888888,9643,260,0.8125,research_then_verify,3,False,0
9f3c239a8cb07bd0,frozen_selected_head,frozen_selected_head,5c5a777629c83a60f1ef90ba1340aa5327f120bca4b2fb28627db7704fb0734f,,,,,False,unknown_or_proxy_tokens,coordination_workflow,dev,parallel_evidence_then_combine,seen_family,True,1.0,955,381,1336,4,2,3,1.5818225420080125,1.5401602489873767,0.9736618413796604,0.7148203592814372,0.0,0.0,0.0,,13,13,8,5,0.16049382716049382,0.8395061728395061,12614,381,0.75,parallel_evidence_then_combine,3,False,0
ac1695d74f2cd77f,frozen_selected_head,frozen_selected_head,5c5a777629c83a60f1ef90ba1340aa5327f120bca4b2fb28627db7704fb0734f,,,,,False,unknown_or_proxy_tokens,coordination_workflow,dev,distractor_evidence_then_verify,seen_family,True,1.0,968,427,1395,4,2,3,1.6037733749835752,1.562399541027844,0.9742021942743906,0.6939068100358423,0.0,0.0,0.0,,14,14,8,6,0.1728395061728395,0.8271604938271605,15936,427,0.75,distractor_evidence_then_verify,4,False,0
334a13dd0cf76d63,frozen_selected_head,frozen_selected_head,5c5a777629c83a60f1ef90ba1340aa5327f120bca4b2fb28627db7704fb0734f,,,,,False,unknown_or_proxy_tokens,coordination_workflow,dev,tool_failure_then_recover,seen_family,True,1.0,938,361,1299,3,2,3,1.5902233750093728,1.5476852919673547,0.9732502466568463,0.7220939183987682,0.0,0.0,0.0,,9,9,6,3,0.1111111111111111,0.8888888888888888,12548,361,0.8125,tool_failure_then_recover,3,False,0
78e2647184b7e98a,frozen_selected_head,frozen_selected_head,5c5a777629c83a60f1ef90ba1340aa5327f120bca4b2fb28627db7704fb0734f,,,,,False,unknown_or_proxy_tokens,coordination_workflow,dev,retrieve_then_calculate,seen_family,True,1.0,537,109,646,2,1,2,0.9577827080502175,0.9146824170020409,0.9549999277644958,0.8312693498452013,0.0,0.0,0.0,,5,5,4,1,0.06172839506172839,0.9382716049382716,3311,109,0.75,retrieve_then_calculate,2,False,0
f597e2883883d284,frozen_selected_head,frozen_selected_head,5c5a777629c83a60f1ef90ba1340aa5327f120bca4b2fb28627db7704fb0734f,,,,,False,unknown_or_proxy_tokens,coordination_workflow,dev,retrieve_code_then_verify,seen_family,True,1.0,539,107,646,2,1,2,0.9541641250252724,0.9137932910234667,0.9576898429285042,0.8343653250773994,0.0,0.0,0.0,,5,5,4,1,0.06172839506172839,0.9382716049382716,3338,107,0.75,retrieve_code_then_verify,2,False,0
7bc18446c4759e45,frozen_selected_head,frozen_selected_head,5c5a777629c83a60f1ef90ba1340aa5327f120bca4b2fb28627db7704fb0734f,,,,,False,unknown_or_proxy_tokens,coordination_workflow,dev,research_then_verify,seen_family,True,1.0,570,113,683,2,1,2,0.9896264579729177,0.9491002920549363,0.9590490274471921,0.8345534407027818,0.0,0.0,0.0,,5,5,4,1,0.06172839506172839,0.9382716049382716,3908,113,0.75,research_then_verify,2,False,0
bcfeb52724a4227c,frozen_selected_head,frozen_selected_head,5c5a777629c83a60f1ef90ba1340aa5327f120bca4b2fb28627db7704fb0734f,,,,,False,unknown_or_proxy_tokens,coordination_workflow,dev,parallel_evidence_then_combine,seen_family,True,1.0,960,202,1162,3,2,3,1.581091042025946,1.5402530410792679,0.9741709997329755,0.8261617900172117,0.0,0.0,0.0,,8,8,6,2,0.09876543209876543,0.9012345679012346,6346,202,0.8125,parallel_evidence_then_combine,2,False,0
ff5d6a69ae5ada03,frozen_selected_head,frozen_selected_head,5c5a777629c83a60f1ef90ba1340aa5327f120bca4b2fb28627db7704fb0734f,,,,,False,unknown_or_proxy_tokens,coordination_workflow,dev,distractor_evidence_then_verify,seen_family,True,1.0,577,233,810,3,1,2,0.9974001669907011,0.9564659590250812,0.958959092528404,0.7123456790123457,0.0,0.0,0.0,,9,9,6,3,0.1111111111111111,0.8888888888888888,8251,233,0.625,distractor_evidence_then_verify,3,False,0
1ea0420702fba981,frozen_selected_head,frozen_selected_head,5c5a777629c83a60f1ef90ba1340aa5327f120bca4b2fb28627db7704fb0734f,,,,,False,unknown_or_proxy_tokens,coordination_workflow,dev,tool_failure_then_recover,seen_family,True,1.0,937,170,1107,2,2,3,1.5641233339556493,1.5234612509957515,0.9740032757793697,0.8464317976513098,0.0,0.0,0.0,,5,5,4,1,0.06172839506172839,0.9382716049382716,5517,170,0.875,tool_failure_then_recover,2,False,0
7d3f34748d80272c,frozen_selected_head,frozen_selected_head,5c5a777629c83a60f1ef90ba1340aa5327f120bca4b2fb28627db7704fb0734f,,,,,False,unknown_or_proxy_tokens,coordination_workflow,dev,retrieve_then_calculate,seen_family,True,1.0,543,229,772,3,1,2,0.9529017499880865,0.9121735839289613,0.9572587981293618,0.7033678756476683,0.0,0.0,0.0,,9,9,6,3,0.1111111111111111,0.8888888888888888,7450,229,0.625,retrieve_then_calculate,3,False,0
edf3c2b5146a2ce2,frozen_selected_head,frozen_selected_head,5c5a777629c83a60f1ef90ba1340aa5327f120bca4b2fb28627db7704fb0734f,,,,,False,unknown_or_proxy_tokens,coordination_workflow,dev,retrieve_code_then_verify,seen_family,True,1.0,927,234,1161,3,2,3,1.5614424590021372,1.5206307089538313,0.973862789619294,0.7984496124031008,0.0,0.0,0.0,,9,9,6,3,0.1111111111111111,0.8888888888888888,7621,234,0.8125,retrieve_code_then_verify,3,False,0
1948ec90f39d733a,frozen_selected_head,frozen_selected_head,5c5a777629c83a60f1ef90ba1340aa5327f120bca4b2fb28627db7704fb0734f,,,,,False,unknown_or_proxy_tokens,coordination_workflow,dev,research_then_verify,seen_family,True,1.0,955,260,1215,3,2,3,1.608299208979588,1.565338083950337,0.9732878529135705,0.7860082304526749,0.0,0.0,0.0,,9,9,6,3,0.1111111111111111,0.8888888888888888,9643,260,0.8125,research_then_verify,3,False,0
aa8b81e60ed6c51b,frozen_selected_head,frozen_selected_head,5c5a777629c83a60f1ef90ba1340aa5327f120bca4b2fb28627db7704fb0734f,,,,,False,unknown_or_proxy_tokens,coordination_workflow,dev,parallel_evidence_then_combine,seen_family,True,1.0,957,381,1338,4,2,3,1.6354346250300296,1.5481137909227982,0.9466069552577634,0.7152466367713004,0.0,0.0,0.0,,13,13,8,5,0.16049382716049382,0.8395061728395061,12613,381,0.75,parallel_evidence_then_combine,3,False,0
e76bdefc306ad422,frozen_selected_head,frozen_selected_head,5c5a777629c83a60f1ef90ba1340aa5327f120bca4b2fb28627db7704fb0734f,,,,,False,unknown_or_proxy_tokens,coordination_workflow,dev,distractor_evidence_then_verify,seen_family,True,1.0,964,427,1391,4,2,3,1.5944930000114255,1.5526094159577042,0.9737323499987638,0.6930265995686556,0.0,0.0,0.0,,14,14,8,6,0.1728395061728395,0.8271604938271605,15926,427,0.75,distractor_evidence_then_verify,4,False,0
fb8a92fc11d40775,frozen_selected_head,frozen_selected_head,5c5a777629c83a60f1ef90ba1340aa5327f120bca4b2fb28627db7704fb0734f,,,,,False,unknown_or_proxy_tokens,coordination_workflow,dev,tool_failure_then_recover,seen_family,True,1.0,940,361,1301,3,2,3,1.5675931249861605,1.5255922070355155,0.9732067477962332,0.722521137586472,0.0,0.0,0.0,,9,9,6,3,0.1111111111111111,0.8888888888888888,12548,361,0.8125,tool_failure_then_recover,3,False,0
0af9e501eed0cb8d,frozen_selected_head,frozen_selected_head,5c5a777629c83a60f1ef90ba1340aa5327f120bca4b2fb28627db7704fb0734f,,,,,False,unknown_or_proxy_tokens,coordination_workflow,dev,retrieve_then_calculate,seen_family,True,1.0,541,109,650,2,1,2,0.9505147919990122,0.9097892920253798,0.9571542701739725,0.8323076923076923,0.0,0.0,0.0,,5,5,4,1,0.06172839506172839,0.9382716049382716,3310,109,0.75,retrieve_then_calculate,2,False,0
3fd660d316598b32,frozen_selected_head,frozen_selected_head,5c5a777629c83a60f1ef90ba1340aa5327f120bca4b2fb28627db7704fb0734f,,,,,False,unknown_or_proxy_tokens,coordination_workflow,dev,retrieve_code_then_verify,seen_family,True,1.0,542,107,649,2,1,2,0.9518196670105681,0.9112180829979479,0.957343197015313,0.8351309707241911,0.0,0.0,0.0,,5,5,4,1,0.06172839506172839,0.9382716049382716,3338,107,0.75,retrieve_code_then_verify,2,False,0
ead18ac280292055,frozen_selected_head,frozen_selected_head,5c5a777629c83a60f1ef90ba1340aa5327f120bca4b2fb28627db7704fb0734f,,,,,False,unknown_or_proxy_tokens,coordination_workflow,dev,research_then_verify,seen_family,True,1.0,570,113,683,2,1,2,0.986997333006002,0.9461845410405658,0.9586495417964944,0.8345534407027818,0.0,0.0,0.0,,5,5,4,1,0.06172839506172839,0.9382716049382716,3908,113,0.75,research_then_verify,2,False,0
6e22e2e5a3128fd4,frozen_selected_head,frozen_selected_head,5c5a777629c83a60f1ef90ba1340aa5327f120bca4b2fb28627db7704fb0734f,,,,,False,unknown_or_proxy_tokens,coordination_workflow,dev,parallel_evidence_then_combine,seen_family,True,1.0,962,202,1164,3,2,3,1.6367385420016944,1.5952634180430323,0.9746598965599362,0.8264604810996563,0.0,0.0,0.0,,8,8,6,2,0.09876543209876543,0.9012345679012346,6348,202,0.8125,parallel_evidence_then_combine,2,False,0
94a37f1a2f5e5c8c,frozen_selected_head,frozen_selected_head,5c5a777629c83a60f1ef90ba1340aa5327f120bca4b2fb28627db7704fb0734f,,,,,False,unknown_or_proxy_tokens,coordination_workflow,dev,distractor_evidence_then_verify,seen_family,True,1.0,577,233,810,3,1,2,1.0046028749784455,0.9628755840240046,0.9584638945460552,0.7123456790123457,0.0,0.0,0.0,,9,9,6,3,0.1111111111111111,0.8888888888888888,8251,233,0.625,distractor_evidence_then_verify,3,False,0
c70759bd76dc2293,frozen_selected_head,frozen_selected_head,5c5a777629c83a60f1ef90ba1340aa5327f120bca4b2fb28627db7704fb0734f,,,,,False,unknown_or_proxy_tokens,coordination_workflow,dev,tool_failure_then_recover,seen_family,True,1.0,931,170,1101,2,2,3,1.5581085839658044,1.5172265830333345,0.9737617767123686,0.8455949137148048,0.0,0.0,0.0,,5,5,4,1,0.06172839506172839,0.9382716049382716,5521,170,0.875,tool_failure_then_recover,2,False,0
7fce7893aab45f44,frozen_selected_head,frozen_selected_head,5c5a777629c83a60f1ef90ba1340aa5327f120bca4b2fb28627db7704fb0734f,,,,,False,unknown_or_proxy_tokens,coordination_workflow,dev,retrieve_then_calculate,seen_family,True,1.0,538,229,767,3,1,2,0.9462740420131013,0.9055823750095442,0.9569980098820108,0.7014341590612777,0.0,0.0,0.0,,9,9,6,3,0.1111111111111111,0.8888888888888888,7452,229,0.625,retrieve_then_calculate,3,False,0
591e69c81b2c582d,frozen_selected_head,frozen_selected_head,5c5a777629c83a60f1ef90ba1340aa5327f120bca4b2fb28627db7704fb0734f,,,,,False,unknown_or_proxy_tokens,coordination_workflow,dev,retrieve_code_then_verify,seen_family,True,1.0,925,234,1159,3,2,3,1.5477412919863127,1.5063726259977557,0.9732715886028562,0.7981018119068162,0.0,0.0,0.0,,9,9,6,3,0.1111111111111111,0.8888888888888888,7621,234,0.8125,retrieve_code_then_verify,3,False,0
9d52262d1f0e9f5e,frozen_selected_head,frozen_selected_head,5c5a777629c83a60f1ef90ba1340aa5327f120bca4b2fb28627db7704fb0734f,,,,,False,unknown_or_proxy_tokens,coordination_workflow,dev,research_then_verify,seen_family,True,1.0,961,260,1221,3,2,3,1.5868758329888806,1.545724083960522,0.9740674423462299,0.7870597870597871,0.0,0.0,0.0,,9,9,6,3,0.1111111111111111,0.8888888888888888,9641,260,0.8125,research_then_verify,3,False,0
c0b000f5e83fe698,frozen_selected_head,frozen_selected_head,5c5a777629c83a60f1ef90ba1340aa5327f120bca4b2fb28627db7704fb0734f,,,,,False,unknown_or_proxy_tokens,coordination_workflow,dev,parallel_evidence_then_combine,seen_family,True,1.0,955,381,1336,4,2,3,1.5838294579880312,1.542447625019122,0.9738722923985279,0.7148203592814372,0.0,0.0,0.0,,13,13,8,5,0.16049382716049382,0.8395061728395061,12614,381,0.75,parallel_evidence_then_combine,3,False,0
a2afaecafbe85555,frozen_selected_head,frozen_selected_head,5c5a777629c83a60f1ef90ba1340aa5327f120bca4b2fb28627db7704fb0734f,,,,,False,unknown_or_proxy_tokens,coordination_workflow,dev,distractor_evidence_then_verify,seen_family,True,1.0,955,427,1382,4,2,3,1.6028712500119582,1.561522748961579,0.9742034795058738,0.691027496382055,0.0,0.0,0.0,,14,14,8,6,0.1728395061728395,0.8271604938271605,15936,427,0.75,distractor_evidence_then_verify,4,False,0
28126192bfc9ac93,frozen_selected_head,frozen_selected_head,5c5a777629c83a60f1ef90ba1340aa5327f120bca4b2fb28627db7704fb0734f,,,,,False,unknown_or_proxy_tokens,coordination_workflow,dev,tool_failure_then_recover,seen_family,True,1.0,935,361,1296,3,2,3,1.5850172080099583,1.5424686660408042,0.9731557854677331,0.7214506172839507,0.0,0.0,0.0,,9,9,6,3,0.1111111111111111,0.8888888888888888,12550,361,0.8125,tool_failure_then_recover,3,False,0
39bdc14b13d16009,conductor_sft,conductor_sft,5c5a777629c83a60f1ef90ba1340aa5327f120bca4b2fb28627db7704fb0734f,,,,,False,unknown_or_proxy_tokens,coordination_workflow,dev,retrieve_then_calculate,seen_family,True,1.0,540,109,649,2,1,2,5.231972249981482,5.18773945904104,0.9915456755450877,0.8320493066255779,0.0,0.0,0.0,,5,5,4,1,0.06172839506172839,0.9382716049382716,3309,109,0.75,retrieve_then_calculate,2,False,0
998e1e954de1bc6a,conductor_sft,conductor_sft,5c5a777629c83a60f1ef90ba1340aa5327f120bca4b2fb28627db7704fb0734f,,,,,False,unknown_or_proxy_tokens,coordination_workflow,dev,retrieve_code_then_verify,seen_family,True,1.0,543,107,650,2,1,2,1.093640041013714,0.9592695839819498,0.8771346585781427,0.8353846153846154,0.0,0.0,0.0,,5,5,4,1,0.06172839506172839,0.9382716049382716,3338,107,0.75,retrieve_code_then_verify,2,False,0
087db44fff9c6d60,conductor_sft,conductor_sft,5c5a777629c83a60f1ef90ba1340aa5327f120bca4b2fb28627db7704fb0734f,,,,,False,unknown_or_proxy_tokens,coordination_workflow,dev,research_then_verify,seen_family,True,1.0,569,113,682,2,1,2,1.0332845829543658,0.9925012080348097,0.9605303557293496,0.8343108504398827,0.0,0.0,0.0,,5,5,4,1,0.06172839506172839,0.9382716049382716,3908,113,0.75,research_then_verify,2,False,0
00d9e45eb92eb6e4,conductor_sft,conductor_sft,5c5a777629c83a60f1ef90ba1340aa5327f120bca4b2fb28627db7704fb0734f,,,,,False,unknown_or_proxy_tokens,coordination_workflow,dev,parallel_evidence_then_combine,seen_family,True,1.0,962,202,1164,3,2,3,1.6359775839955546,1.5946865000296384,0.9747606052981052,0.8264604810996563,0.0,0.0,0.0,,8,8,6,2,0.09876543209876543,0.9012345679012346,6346,202,0.8125,parallel_evidence_then_combine,2,False,0
c94d98484b4b0225,conductor_sft,conductor_sft,5c5a777629c83a60f1ef90ba1340aa5327f120bca4b2fb28627db7704fb0734f,,,,,False,unknown_or_proxy_tokens,coordination_workflow,dev,distractor_evidence_then_verify,seen_family,True,1.0,579,233,812,3,1,2,1.0125526250340044,0.9715340819675475,0.9594899642227688,0.7130541871921182,0.0,0.0,0.0,,9,9,6,3,0.1111111111111111,0.8888888888888888,8256,233,0.625,distractor_evidence_then_verify,3,False,0
10f39a8f8c5d33e8,conductor_sft,conductor_sft,5c5a777629c83a60f1ef90ba1340aa5327f120bca4b2fb28627db7704fb0734f,,,,,False,unknown_or_proxy_tokens,coordination_workflow,dev,tool_failure_then_recover,seen_family,True,1.0,941,170,1111,2,2,3,1.604796166997403,1.5637733329785988,0.9744373554333954,0.846984698469847,0.0,0.0,0.0,,5,5,4,1,0.06172839506172839,0.9382716049382716,5521,170,0.875,tool_failure_then_recover,2,False,0
54d3950aa02ad075,conductor_sft,conductor_sft,5c5a777629c83a60f1ef90ba1340aa5327f120bca4b2fb28627db7704fb0734f,,,,,False,unknown_or_proxy_tokens,coordination_workflow,dev,retrieve_then_calculate,seen_family,True,1.0,541,229,770,3,1,2,0.9986219159909524,0.9558614160050638,0.9571804911336674,0.7025974025974026,0.0,0.0,0.0,,9,9,6,3,0.1111111111111111,0.8888888888888888,7452,229,0.625,retrieve_then_calculate,3,False,0
e2e283a81cc9d490,conductor_sft,conductor_sft,5c5a777629c83a60f1ef90ba1340aa5327f120bca4b2fb28627db7704fb0734f,,,,,False,unknown_or_proxy_tokens,coordination_workflow,dev,retrieve_code_then_verify,seen_family,True,1.0,926,234,1160,3,2,3,1.5943960419972427,1.5512565409298986,0.9729430455601829,0.7982758620689655,0.0,0.0,0.0,,9,9,6,3,0.1111111111111111,0.8888888888888888,7620,234,0.8125,retrieve_code_then_verify,3,False,0
aa5e84dd02119906,conductor_sft,conductor_sft,5c5a777629c83a60f1ef90ba1340aa5327f120bca4b2fb28627db7704fb0734f,,,,,False,unknown_or_proxy_tokens,coordination_workflow,dev,research_then_verify,seen_family,True,1.0,960,260,1220,3,2,3,1.6020969170494936,1.5605746250366792,0.974082534226903,0.7868852459016393,0.0,0.0,0.0,,9,9,6,3,0.1111111111111111,0.8888888888888888,9640,260,0.8125,research_then_verify,3,False,0
9f3c239a8cb07bd0,conductor_sft,conductor_sft,5c5a777629c83a60f1ef90ba1340aa5327f120bca4b2fb28627db7704fb0734f,,,,,False,unknown_or_proxy_tokens,coordination_workflow,dev,parallel_evidence_then_combine,seen_family,True,1.0,955,381,1336,4,2,3,1.5981504999799654,1.5567111659329385,0.9740704432733047,0.7148203592814372,0.0,0.0,0.0,,13,13,8,5,0.16049382716049382,0.8395061728395061,12614,381,0.75,parallel_evidence_then_combine,3,False,0
ac1695d74f2cd77f,conductor_sft,conductor_sft,5c5a777629c83a60f1ef90ba1340aa5327f120bca4b2fb28627db7704fb0734f,,,,,False,unknown_or_proxy_tokens,coordination_workflow,dev,distractor_evidence_then_verify,seen_family,True,1.0,968,427,1395,4,2,3,1.6130741250235587,1.5713350419537164,0.9741245101992863,0.6939068100358423,0.0,0.0,0.0,,14,14,8,6,0.1728395061728395,0.8271604938271605,15928,427,0.75,distractor_evidence_then_verify,4,False,0
334a13dd0cf76d63,conductor_sft,conductor_sft,5c5a777629c83a60f1ef90ba1340aa5327f120bca4b2fb28627db7704fb0734f,,,,,False,unknown_or_proxy_tokens,coordination_workflow,dev,tool_failure_then_recover,seen_family,True,1.0,938,361,1299,3,2,3,1.5833524580230005,1.541276917909272,0.9734262956421814,0.7220939183987682,0.0,0.0,0.0,,9,9,6,3,0.1111111111111111,0.8888888888888888,12551,361,0.8125,tool_failure_then_recover,3,False,0
78e2647184b7e98a,conductor_sft,conductor_sft,5c5a777629c83a60f1ef90ba1340aa5327f120bca4b2fb28627db7704fb0734f,,,,,False,unknown_or_proxy_tokens,coordination_workflow,dev,retrieve_then_calculate,seen_family,True,1.0,537,109,646,2,1,2,0.9625544170266949,0.92211425001733,0.9579866173859723,0.8312693498452013,0.0,0.0,0.0,,5,5,4,1,0.06172839506172839,0.9382716049382716,3311,109,0.75,retrieve_then_calculate,2,False,0
f597e2883883d284,conductor_sft,conductor_sft,5c5a777629c83a60f1ef90ba1340aa5327f120bca4b2fb28627db7704fb0734f,,,,,False,unknown_or_proxy_tokens,coordination_workflow,dev,retrieve_code_then_verify,seen_family,True,1.0,539,107,646,2,1,2,0.9862925829947926,0.9448729570140131,0.9580047273041308,0.8343653250773994,0.0,0.0,0.0,,5,5,4,1,0.06172839506172839,0.9382716049382716,3338,107,0.75,retrieve_code_then_verify,2,False,0
7bc18446c4759e45,conductor_sft,conductor_sft,5c5a777629c83a60f1ef90ba1340aa5327f120bca4b2fb28627db7704fb0734f,,,,,False,unknown_or_proxy_tokens,coordination_workflow,dev,research_then_verify,seen_family,True,1.0,570,113,683,2,1,2,1.0094257080345415,0.9678012489457615,0.9587642173589702,0.8345534407027818,0.0,0.0,0.0,,5,5,4,1,0.06172839506172839,0.9382716049382716,3908,113,0.75,research_then_verify,2,False,0
bcfeb52724a4227c,conductor_sft,conductor_sft,5c5a777629c83a60f1ef90ba1340aa5327f120bca4b2fb28627db7704fb0734f,,,,,False,unknown_or_proxy_tokens,coordination_workflow,dev,parallel_evidence_then_combine,seen_family,True,1.0,960,202,1162,3,2,3,1.6000721669988707,1.559253000013996,0.9744891712844203,0.8261617900172117,0.0,0.0,0.0,,8,8,6,2,0.09876543209876543,0.9012345679012346,6347,202,0.8125,parallel_evidence_then_combine,2,False,0
ff5d6a69ae5ada03,conductor_sft,conductor_sft,5c5a777629c83a60f1ef90ba1340aa5327f120bca4b2fb28627db7704fb0734f,,,,,False,unknown_or_proxy_tokens,coordination_workflow,dev,distractor_evidence_then_verify,seen_family,True,1.0,577,233,810,3,1,2,1.005588624975644,0.9648003759793937,0.9594384343824114,0.7123456790123457,0.0,0.0,0.0,,9,9,6,3,0.1111111111111111,0.8888888888888888,8248,233,0.625,distractor_evidence_then_verify,3,False,0
1ea0420702fba981,conductor_sft,conductor_sft,5c5a777629c83a60f1ef90ba1340aa5327f120bca4b2fb28627db7704fb0734f,,,,,False,unknown_or_proxy_tokens,coordination_workflow,dev,tool_failure_then_recover,seen_family,True,1.0,937,170,1107,2,2,3,1.581279500038363,1.5405049160472117,0.9742141828878689,0.8464317976513098,0.0,0.0,0.0,,5,5,4,1,0.06172839506172839,0.9382716049382716,5519,170,0.875,tool_failure_then_recover,2,False,0
7d3f34748d80272c,conductor_sft,conductor_sft,5c5a777629c83a60f1ef90ba1340aa5327f120bca4b2fb28627db7704fb0734f,,,,,False,unknown_or_proxy_tokens,coordination_workflow,dev,retrieve_then_calculate,seen_family,True,1.0,543,229,772,3,1,2,0.9603551670443267,0.9193918749224395,0.9573456846720996,0.7033678756476683,0.0,0.0,0.0,,9,9,6,3,0.1111111111111111,0.8888888888888888,7452,229,0.625,retrieve_then_calculate,3,False,0
edf3c2b5146a2ce2,conductor_sft,conductor_sft,5c5a777629c83a60f1ef90ba1340aa5327f120bca4b2fb28627db7704fb0734f,,,,,False,unknown_or_proxy_tokens,coordination_workflow,dev,retrieve_code_then_verify,seen_family,True,1.0,927,234,1161,3,2,3,1.598535792028997,1.5572658749879338,0.9741826756417634,0.7984496124031008,0.0,0.0,0.0,,9,9,6,3,0.1111111111111111,0.8888888888888888,7619,234,0.8125,retrieve_code_then_verify,3,False,0
1948ec90f39d733a,conductor_sft,conductor_sft,5c5a777629c83a60f1ef90ba1340aa5327f120bca4b2fb28627db7704fb0734f,,,,,False,unknown_or_proxy_tokens,coordination_workflow,dev,research_then_verify,seen_family,True,1.0,955,260,1215,3,2,3,1.6457353750010952,1.6027433759882115,0.9738767242498781,0.7860082304526749,0.0,0.0,0.0,,9,9,6,3,0.1111111111111111,0.8888888888888888,9643,260,0.8125,research_then_verify,3,False,0
aa8b81e60ed6c51b,conductor_sft,conductor_sft,5c5a777629c83a60f1ef90ba1340aa5327f120bca4b2fb28627db7704fb0734f,,,,,False,unknown_or_proxy_tokens,coordination_workflow,dev,parallel_evidence_then_combine,seen_family,True,1.0,957,381,1338,4,2,3,2.205271791026462,2.1608178759925067,0.979841979018258,0.7152466367713004,0.0,0.0,0.0,,13,13,8,5,0.16049382716049382,0.8395061728395061,12611,381,0.75,parallel_evidence_then_combine,3,False,0
e76bdefc306ad422,conductor_sft,conductor_sft,5c5a777629c83a60f1ef90ba1340aa5327f120bca4b2fb28627db7704fb0734f,,,,,False,unknown_or_proxy_tokens,coordination_workflow,dev,distractor_evidence_then_verify,seen_family,True,1.0,964,427,1391,4,2,3,1.6449935840209946,1.6031183329760097,0.9745438210508848,0.6930265995686556,0.0,0.0,0.0,,14,14,8,6,0.1728395061728395,0.8271604938271605,15926,427,0.75,distractor_evidence_then_verify,4,False,0
fb8a92fc11d40775,conductor_sft,conductor_sft,5c5a777629c83a60f1ef90ba1340aa5327f120bca4b2fb28627db7704fb0734f,,,,,False,unknown_or_proxy_tokens,coordination_workflow,dev,tool_failure_then_recover,seen_family,True,1.0,940,361,1301,3,2,3,1.6321482500061393,1.54243845801102,0.9450357576312189,0.722521137586472,0.0,0.0,0.0,,9,9,6,3,0.1111111111111111,0.8888888888888888,12542,361,0.8125,tool_failure_then_recover,3,False,0
0af9e501eed0cb8d,conductor_sft,conductor_sft,5c5a777629c83a60f1ef90ba1340aa5327f120bca4b2fb28627db7704fb0734f,,,,,False,unknown_or_proxy_tokens,coordination_workflow,dev,retrieve_then_calculate,seen_family,True,1.0,541,109,650,2,1,2,0.9610514579690062,0.9201662500272505,0.9574578368278442,0.8323076923076923,0.0,0.0,0.0,,5,5,4,1,0.06172839506172839,0.9382716049382716,3310,109,0.75,retrieve_then_calculate,2,False,0
3fd660d316598b32,conductor_sft,conductor_sft,5c5a777629c83a60f1ef90ba1340aa5327f120bca4b2fb28627db7704fb0734f,,,,,False,unknown_or_proxy_tokens,coordination_workflow,dev,retrieve_code_then_verify,seen_family,True,1.0,542,107,649,2,1,2,0.9599378330167383,0.9190286670345813,0.9573835257085407,0.8351309707241911,0.0,0.0,0.0,,5,5,4,1,0.06172839506172839,0.9382716049382716,3337,107,0.75,retrieve_code_then_verify,2,False,0
ead18ac280292055,conductor_sft,conductor_sft,5c5a777629c83a60f1ef90ba1340aa5327f120bca4b2fb28627db7704fb0734f,,,,,False,unknown_or_proxy_tokens,coordination_workflow,dev,research_then_verify,seen_family,True,1.0,570,113,683,2,1,2,0.9967127499985509,0.9558529590140097,0.9590054496798596,0.8345534407027818,0.0,0.0,0.0,,5,5,4,1,0.06172839506172839,0.9382716049382716,3907,113,0.75,research_then_verify,2,False,0
6e22e2e5a3128fd4,conductor_sft,conductor_sft,5c5a777629c83a60f1ef90ba1340aa5327f120bca4b2fb28627db7704fb0734f,,,,,False,unknown_or_proxy_tokens,coordination_workflow,dev,parallel_evidence_then_combine,seen_family,True,1.0,962,202,1164,3,2,3,1.6271529159857891,1.5858282490517013,0.9746030833807332,0.8264604810996563,0.0,0.0,0.0,,8,8,6,2,0.09876543209876543,0.9012345679012346,6348,202,0.8125,parallel_evidence_then_combine,2,False,0
94a37f1a2f5e5c8c,conductor_sft,conductor_sft,5c5a777629c83a60f1ef90ba1340aa5327f120bca4b2fb28627db7704fb0734f,,,,,False,unknown_or_proxy_tokens,coordination_workflow,dev,distractor_evidence_then_verify,seen_family,True,1.0,577,233,810,3,1,2,1.0205525000346825,0.9781269999803044,0.9584288901816063,0.7123456790123457,0.0,0.0,0.0,,9,9,6,3,0.1111111111111111,0.8888888888888888,8251,233,0.625,distractor_evidence_then_verify,3,False,0
c70759bd76dc2293,conductor_sft,conductor_sft,5c5a777629c83a60f1ef90ba1340aa5327f120bca4b2fb28627db7704fb0734f,,,,,False,unknown_or_proxy_tokens,coordination_workflow,dev,tool_failure_then_recover,seen_family,True,1.0,931,170,1101,2,2,3,2.2099753330112435,2.1660271669970825,0.9801137300685259,0.8455949137148048,0.0,0.0,0.0,,5,5,4,1,0.06172839506172839,0.9382716049382716,5521,170,0.875,tool_failure_then_recover,2,False,0
7fce7893aab45f44,conductor_sft,conductor_sft,5c5a777629c83a60f1ef90ba1340aa5327f120bca4b2fb28627db7704fb0734f,,,,,False,unknown_or_proxy_tokens,coordination_workflow,dev,retrieve_then_calculate,seen_family,True,1.0,538,229,767,3,1,2,0.9649085419951007,0.922028541972395,0.955560555061473,0.7014341590612777,0.0,0.0,0.0,,9,9,6,3,0.1111111111111111,0.8888888888888888,7450,229,0.625,retrieve_then_calculate,3,False,0
591e69c81b2c582d,conductor_sft,conductor_sft,5c5a777629c83a60f1ef90ba1340aa5327f120bca4b2fb28627db7704fb0734f,,,,,False,unknown_or_proxy_tokens,coordination_workflow,dev,retrieve_code_then_verify,seen_family,True,1.0,925,234,1159,3,2,3,1.5582536669680849,1.5173338750028051,0.9737399674823818,0.7981018119068162,0.0,0.0,0.0,,9,9,6,3,0.1111111111111111,0.8888888888888888,7619,234,0.8125,retrieve_code_then_verify,3,False,0
9d52262d1f0e9f5e,conductor_sft,conductor_sft,5c5a777629c83a60f1ef90ba1340aa5327f120bca4b2fb28627db7704fb0734f,,,,,False,unknown_or_proxy_tokens,coordination_workflow,dev,research_then_verify,seen_family,True,1.0,961,260,1221,3,2,3,1.6124591249972582,1.5708959589828737,0.9742237397711058,0.7870597870597871,0.0,0.0,0.0,,9,9,6,3,0.1111111111111111,0.8888888888888888,9643,260,0.8125,research_then_verify,3,False,0
c0b000f5e83fe698,conductor_sft,conductor_sft,5c5a777629c83a60f1ef90ba1340aa5327f120bca4b2fb28627db7704fb0734f,,,,,False,unknown_or_proxy_tokens,coordination_workflow,dev,parallel_evidence_then_combine,seen_family,True,1.0,955,381,1336,4,2,3,1.6016167920315638,1.5594942499883473,0.9736999872548874,0.7148203592814372,0.0,0.0,0.0,,13,13,8,5,0.16049382716049382,0.8395061728395061,12616,381,0.75,parallel_evidence_then_combine,3,False,0
a2afaecafbe85555,conductor_sft,conductor_sft,5c5a777629c83a60f1ef90ba1340aa5327f120bca4b2fb28627db7704fb0734f,,,,,False,unknown_or_proxy_tokens,coordination_workflow,dev,distractor_evidence_then_verify,seen_family,True,1.0,955,427,1382,4,2,3,1.6033445419743657,1.5615555009571835,0.9739363312605768,0.691027496382055,0.0,0.0,0.0,,14,14,8,6,0.1728395061728395,0.8271604938271605,15936,427,0.75,distractor_evidence_then_verify,4,False,0
28126192bfc9ac93,conductor_sft,conductor_sft,5c5a777629c83a60f1ef90ba1340aa5327f120bca4b2fb28627db7704fb0734f,,,,,False,unknown_or_proxy_tokens,coordination_workflow,dev,tool_failure_then_recover,seen_family,True,1.0,935,361,1296,3,2,3,1.6310772500000894,1.5893465420231223,0.9744152473606232,0.7214506172839507,0.0,0.0,0.0,,9,9,6,3,0.1111111111111111,0.8888888888888888,12548,361,0.8125,tool_failure_then_recover,3,False,0
