task_id,policy,policy_label,data_sha256,specialist_sha256,experiment_sha256,checkpoint_sha256,config_sha256,cost_comparison_valid,token_billing_status,category,split,template_family,generalization,task_success,grader_score,controller_tokens,downstream_tokens,total_tokens,agent_calls,rounds,routing_calls,wall_clock_seconds,controller_seconds,controller_overhead_fraction,controller_token_fraction,controller_cost_usd,downstream_cost_usd,cost_usd,controller_cost_fraction,communication_edges,unique_communication_edges,physical_controller_agent_messages,logical_inter_agent_edges,communication_density,communication_sparsity,communication_message_bytes,communication_estimated_tokens,activation_sparsity
37ce5b6576095221,conductor_sft,conductor_sft,5042bca3db940943303868bd20b0d8e596367c5a31940eae65f6f5744ec1ff17,dd18ae8d19f96a7804df35c4965c99bbf3ce758ddc835c8c55dcc8bfdb642c18,0442a88d8cd57d60f8706858b12e50398d2914e57c06ef9ee4b2317ffffd1085,7ec75b92fd92efbe333176848f639e2c8af6cdc87d8f5bf8c7c4b1ca80b1de75,b1a85014c293dec5e1d670aeb2f13fa9c33d6225595c73a0f056d25af4877f9b,False,unknown_or_proxy_tokens,math,eval,arithmetic_addition,seen_family,False,0.0,203,29,232,1,1,2,2.0360325000365265,2.0028936259332113,0.9837237990539343,0.875,0.0,0.0,0.0,,2,2,2,0,0.024691358024691357,0.9753086419753086,305,29,0.875
0c4f9eb7ed60e8af,conductor_sft,conductor_sft,5042bca3db940943303868bd20b0d8e596367c5a31940eae65f6f5744ec1ff17,dd18ae8d19f96a7804df35c4965c99bbf3ce758ddc835c8c55dcc8bfdb642c18,0442a88d8cd57d60f8706858b12e50398d2914e57c06ef9ee4b2317ffffd1085,7ec75b92fd92efbe333176848f639e2c8af6cdc87d8f5bf8c7c4b1ca80b1de75,b1a85014c293dec5e1d670aeb2f13fa9c33d6225595c73a0f056d25af4877f9b,False,unknown_or_proxy_tokens,retrieval,eval,inline_lookup,seen_family,True,1.0,262,35,297,1,1,2,2.007096542045474,1.9928882910171524,0.9929209927222326,0.8821548821548821,0.0,0.0,0.0,,2,2,2,0,0.024691358024691357,0.9753086419753086,368,35,0.875
77b09eea34894878,conductor_sft,conductor_sft,5042bca3db940943303868bd20b0d8e596367c5a31940eae65f6f5744ec1ff17,dd18ae8d19f96a7804df35c4965c99bbf3ce758ddc835c8c55dcc8bfdb642c18,0442a88d8cd57d60f8706858b12e50398d2914e57c06ef9ee4b2317ffffd1085,7ec75b92fd92efbe333176848f639e2c8af6cdc87d8f5bf8c7c4b1ca80b1de75,b1a85014c293dec5e1d670aeb2f13fa9c33d6225595c73a0f056d25af4877f9b,False,unknown_or_proxy_tokens,code,eval,reverse_string,seen_family,True,1.0,210,32,242,1,1,2,1.3471217920305207,1.3220051250536926,0.9813553109114435,0.8677685950413223,0.0,0.0,0.0,,2,2,2,0,0.024691358024691357,0.9753086419753086,331,32,0.875
6e43fa0f45b32f4f,conductor_sft,conductor_sft,5042bca3db940943303868bd20b0d8e596367c5a31940eae65f6f5744ec1ff17,dd18ae8d19f96a7804df35c4965c99bbf3ce758ddc835c8c55dcc8bfdb642c18,0442a88d8cd57d60f8706858b12e50398d2914e57c06ef9ee4b2317ffffd1085,7ec75b92fd92efbe333176848f639e2c8af6cdc87d8f5bf8c7c4b1ca80b1de75,b1a85014c293dec5e1d670aeb2f13fa9c33d6225595c73a0f056d25af4877f9b,False,unknown_or_proxy_tokens,code,eval,count_vowels,seen_family,True,1.0,205,32,237,1,1,2,1.3527874579885975,1.3362686249893159,0.9877890403982288,0.8649789029535865,0.0,0.0,0.0,,2,2,2,0,0.024691358024691357,0.9753086419753086,324,32,0.875
070da2d16e345766,conductor_sft,conductor_sft,5042bca3db940943303868bd20b0d8e596367c5a31940eae65f6f5744ec1ff17,dd18ae8d19f96a7804df35c4965c99bbf3ce758ddc835c8c55dcc8bfdb642c18,0442a88d8cd57d60f8706858b12e50398d2914e57c06ef9ee4b2317ffffd1085,7ec75b92fd92efbe333176848f639e2c8af6cdc87d8f5bf8c7c4b1ca80b1de75,b1a85014c293dec5e1d670aeb2f13fa9c33d6225595c73a0f056d25af4877f9b,False,unknown_or_proxy_tokens,composed_retrieval_math,eval,lookup_multiply,unseen_composition,False,0.0,270,40,310,1,1,2,4.138740958005656,4.1117725830408745,0.9934839181194427,0.8709677419354839,0.0,0.0,0.0,,2,2,2,0,0.024691358024691357,0.9753086419753086,407,40,0.875
771b540f029a0ca6,conductor_sft,conductor_sft,5042bca3db940943303868bd20b0d8e596367c5a31940eae65f6f5744ec1ff17,dd18ae8d19f96a7804df35c4965c99bbf3ce758ddc835c8c55dcc8bfdb642c18,0442a88d8cd57d60f8706858b12e50398d2914e57c06ef9ee4b2317ffffd1085,7ec75b92fd92efbe333176848f639e2c8af6cdc87d8f5bf8c7c4b1ca80b1de75,b1a85014c293dec5e1d670aeb2f13fa9c33d6225595c73a0f056d25af4877f9b,False,unknown_or_proxy_tokens,composed_math_string,eval,addition_reverse_digits,unseen_composition,False,0.0,413,109,522,2,2,3,5.716583958012052,5.691217333020177,0.9955626253059184,0.7911877394636015,0.0,0.0,0.0,,5,5,4,1,0.06172839506172839,0.9382716049382716,1182,109,0.875
8310ff64f17026f0,conductor_sft,conductor_sft,5042bca3db940943303868bd20b0d8e596367c5a31940eae65f6f5744ec1ff17,dd18ae8d19f96a7804df35c4965c99bbf3ce758ddc835c8c55dcc8bfdb642c18,0442a88d8cd57d60f8706858b12e50398d2914e57c06ef9ee4b2317ffffd1085,7ec75b92fd92efbe333176848f639e2c8af6cdc87d8f5bf8c7c4b1ca80b1de75,b1a85014c293dec5e1d670aeb2f13fa9c33d6225595c73a0f056d25af4877f9b,False,unknown_or_proxy_tokens,math,eval,arithmetic_addition,seen_family,False,0.0,374,95,469,2,2,3,5.713129749987274,5.696519126009662,0.997092552645483,0.7974413646055437,0.0,0.0,0.0,,5,5,4,1,0.06172839506172839,0.9382716049382716,1070,95,0.875
a617a03df5679ba3,conductor_sft,conductor_sft,5042bca3db940943303868bd20b0d8e596367c5a31940eae65f6f5744ec1ff17,dd18ae8d19f96a7804df35c4965c99bbf3ce758ddc835c8c55dcc8bfdb642c18,0442a88d8cd57d60f8706858b12e50398d2914e57c06ef9ee4b2317ffffd1085,7ec75b92fd92efbe333176848f639e2c8af6cdc87d8f5bf8c7c4b1ca80b1de75,b1a85014c293dec5e1d670aeb2f13fa9c33d6225595c73a0f056d25af4877f9b,False,unknown_or_proxy_tokens,retrieval,eval,inline_lookup,seen_family,True,1.0,264,35,299,1,1,2,6.549205125018489,6.529556791996583,0.9969998904222976,0.882943143812709,0.0,0.0,0.0,,2,2,2,0,0.024691358024691357,0.9753086419753086,369,35,0.875
02618fd1d5e90773,conductor_sft,conductor_sft,5042bca3db940943303868bd20b0d8e596367c5a31940eae65f6f5744ec1ff17,dd18ae8d19f96a7804df35c4965c99bbf3ce758ddc835c8c55dcc8bfdb642c18,0442a88d8cd57d60f8706858b12e50398d2914e57c06ef9ee4b2317ffffd1085,7ec75b92fd92efbe333176848f639e2c8af6cdc87d8f5bf8c7c4b1ca80b1de75,b1a85014c293dec5e1d670aeb2f13fa9c33d6225595c73a0f056d25af4877f9b,False,unknown_or_proxy_tokens,code,eval,reverse_string,seen_family,True,1.0,205,32,237,1,1,2,3.77178216597531,3.7530937909614295,0.9950452135909477,0.8649789029535865,0.0,0.0,0.0,,2,2,2,0,0.024691358024691357,0.9753086419753086,331,32,0.875
dd45c8dc774c31c9,conductor_sft,conductor_sft,5042bca3db940943303868bd20b0d8e596367c5a31940eae65f6f5744ec1ff17,dd18ae8d19f96a7804df35c4965c99bbf3ce758ddc835c8c55dcc8bfdb642c18,0442a88d8cd57d60f8706858b12e50398d2914e57c06ef9ee4b2317ffffd1085,7ec75b92fd92efbe333176848f639e2c8af6cdc87d8f5bf8c7c4b1ca80b1de75,b1a85014c293dec5e1d670aeb2f13fa9c33d6225595c73a0f056d25af4877f9b,False,unknown_or_proxy_tokens,code,eval,count_vowels,seen_family,True,1.0,203,32,235,1,1,2,4.322890749957878,4.295802125940099,0.9937336783220713,0.8638297872340426,0.0,0.0,0.0,,2,2,2,0,0.024691358024691357,0.9753086419753086,326,32,0.875
58b8db390e337cbf,conductor_sft,conductor_sft,5042bca3db940943303868bd20b0d8e596367c5a31940eae65f6f5744ec1ff17,dd18ae8d19f96a7804df35c4965c99bbf3ce758ddc835c8c55dcc8bfdb642c18,0442a88d8cd57d60f8706858b12e50398d2914e57c06ef9ee4b2317ffffd1085,7ec75b92fd92efbe333176848f639e2c8af6cdc87d8f5bf8c7c4b1ca80b1de75,b1a85014c293dec5e1d670aeb2f13fa9c33d6225595c73a0f056d25af4877f9b,False,unknown_or_proxy_tokens,composed_retrieval_math,eval,lookup_multiply,unseen_composition,False,0.0,274,40,314,1,1,2,1.372647667012643,1.3536321660503745,0.9861468449484544,0.8726114649681529,0.0,0.0,0.0,,2,2,2,0,0.024691358024691357,0.9753086419753086,409,40,0.875
92d6a056aeb8061a,conductor_sft,conductor_sft,5042bca3db940943303868bd20b0d8e596367c5a31940eae65f6f5744ec1ff17,dd18ae8d19f96a7804df35c4965c99bbf3ce758ddc835c8c55dcc8bfdb642c18,0442a88d8cd57d60f8706858b12e50398d2914e57c06ef9ee4b2317ffffd1085,7ec75b92fd92efbe333176848f639e2c8af6cdc87d8f5bf8c7c4b1ca80b1de75,b1a85014c293dec5e1d670aeb2f13fa9c33d6225595c73a0f056d25af4877f9b,False,unknown_or_proxy_tokens,composed_math_string,eval,addition_reverse_digits,unseen_composition,False,0.0,410,109,519,2,2,3,6.308801541978028,6.234303123957943,0.9881913517925107,0.789980732177264,0.0,0.0,0.0,,5,5,4,1,0.06172839506172839,0.9382716049382716,1178,109,0.875
32109318cbf223dc,conductor_sft,conductor_sft,5042bca3db940943303868bd20b0d8e596367c5a31940eae65f6f5744ec1ff17,dd18ae8d19f96a7804df35c4965c99bbf3ce758ddc835c8c55dcc8bfdb642c18,0442a88d8cd57d60f8706858b12e50398d2914e57c06ef9ee4b2317ffffd1085,7ec75b92fd92efbe333176848f639e2c8af6cdc87d8f5bf8c7c4b1ca80b1de75,b1a85014c293dec5e1d670aeb2f13fa9c33d6225595c73a0f056d25af4877f9b,False,unknown_or_proxy_tokens,math,eval,arithmetic_addition,seen_family,False,0.0,374,95,469,2,2,3,2.3200459589716047,2.300668209034484,0.9916476870373248,0.7974413646055437,0.0,0.0,0.0,,5,5,4,1,0.06172839506172839,0.9382716049382716,1070,95,0.875
74252ac48d455991,conductor_sft,conductor_sft,5042bca3db940943303868bd20b0d8e596367c5a31940eae65f6f5744ec1ff17,dd18ae8d19f96a7804df35c4965c99bbf3ce758ddc835c8c55dcc8bfdb642c18,0442a88d8cd57d60f8706858b12e50398d2914e57c06ef9ee4b2317ffffd1085,7ec75b92fd92efbe333176848f639e2c8af6cdc87d8f5bf8c7c4b1ca80b1de75,b1a85014c293dec5e1d670aeb2f13fa9c33d6225595c73a0f056d25af4877f9b,False,unknown_or_proxy_tokens,retrieval,eval,inline_lookup,seen_family,True,1.0,262,35,297,1,1,2,0.7306380840018392,0.7218293749610893,0.9879438134506993,0.8821548821548821,0.0,0.0,0.0,,2,2,2,0,0.024691358024691357,0.9753086419753086,368,35,0.875
063a83db2f61d661,conductor_sft,conductor_sft,5042bca3db940943303868bd20b0d8e596367c5a31940eae65f6f5744ec1ff17,dd18ae8d19f96a7804df35c4965c99bbf3ce758ddc835c8c55dcc8bfdb642c18,0442a88d8cd57d60f8706858b12e50398d2914e57c06ef9ee4b2317ffffd1085,7ec75b92fd92efbe333176848f639e2c8af6cdc87d8f5bf8c7c4b1ca80b1de75,b1a85014c293dec5e1d670aeb2f13fa9c33d6225595c73a0f056d25af4877f9b,False,unknown_or_proxy_tokens,code,eval,reverse_string,seen_family,True,1.0,213,32,245,1,1,2,1.0793574170093052,1.0686694589676335,0.9900978509312643,0.8693877551020408,0.0,0.0,0.0,,2,2,2,0,0.024691358024691357,0.9753086419753086,333,32,0.875
13963443dc508dd3,conductor_sft,conductor_sft,5042bca3db940943303868bd20b0d8e596367c5a31940eae65f6f5744ec1ff17,dd18ae8d19f96a7804df35c4965c99bbf3ce758ddc835c8c55dcc8bfdb642c18,0442a88d8cd57d60f8706858b12e50398d2914e57c06ef9ee4b2317ffffd1085,7ec75b92fd92efbe333176848f639e2c8af6cdc87d8f5bf8c7c4b1ca80b1de75,b1a85014c293dec5e1d670aeb2f13fa9c33d6225595c73a0f056d25af4877f9b,False,unknown_or_proxy_tokens,code,eval,count_vowels,seen_family,True,1.0,207,32,239,1,1,2,1.3007496669888496,1.2820772089762613,0.9856448489002393,0.8661087866108786,0.0,0.0,0.0,,2,2,2,0,0.024691358024691357,0.9753086419753086,325,32,0.875
0045f7ba188712f1,conductor_sft,conductor_sft,5042bca3db940943303868bd20b0d8e596367c5a31940eae65f6f5744ec1ff17,dd18ae8d19f96a7804df35c4965c99bbf3ce758ddc835c8c55dcc8bfdb642c18,0442a88d8cd57d60f8706858b12e50398d2914e57c06ef9ee4b2317ffffd1085,7ec75b92fd92efbe333176848f639e2c8af6cdc87d8f5bf8c7c4b1ca80b1de75,b1a85014c293dec5e1d670aeb2f13fa9c33d6225595c73a0f056d25af4877f9b,False,unknown_or_proxy_tokens,composed_retrieval_math,eval,lookup_multiply,unseen_composition,False,0.0,274,40,314,1,1,2,5.104083874961361,5.083368916064501,0.9959414932426013,0.8726114649681529,0.0,0.0,0.0,,2,2,2,0,0.024691358024691357,0.9753086419753086,409,40,0.875
69d4246418da8601,conductor_sft,conductor_sft,5042bca3db940943303868bd20b0d8e596367c5a31940eae65f6f5744ec1ff17,dd18ae8d19f96a7804df35c4965c99bbf3ce758ddc835c8c55dcc8bfdb642c18,0442a88d8cd57d60f8706858b12e50398d2914e57c06ef9ee4b2317ffffd1085,7ec75b92fd92efbe333176848f639e2c8af6cdc87d8f5bf8c7c4b1ca80b1de75,b1a85014c293dec5e1d670aeb2f13fa9c33d6225595c73a0f056d25af4877f9b,False,unknown_or_proxy_tokens,composed_math_string,eval,addition_reverse_digits,unseen_composition,False,0.0,410,109,519,2,2,3,2.37963799998397,2.3467373739695176,0.986174104626555,0.789980732177264,0.0,0.0,0.0,,5,5,4,1,0.06172839506172839,0.9382716049382716,1176,109,0.875
a8525cf6f3718c2f,conductor_sft,conductor_sft,5042bca3db940943303868bd20b0d8e596367c5a31940eae65f6f5744ec1ff17,dd18ae8d19f96a7804df35c4965c99bbf3ce758ddc835c8c55dcc8bfdb642c18,0442a88d8cd57d60f8706858b12e50398d2914e57c06ef9ee4b2317ffffd1085,7ec75b92fd92efbe333176848f639e2c8af6cdc87d8f5bf8c7c4b1ca80b1de75,b1a85014c293dec5e1d670aeb2f13fa9c33d6225595c73a0f056d25af4877f9b,False,unknown_or_proxy_tokens,math,eval,arithmetic_addition,seen_family,False,0.0,203,29,232,1,1,2,1.6568487079930492,1.639661207969766,0.9896263913896506,0.875,0.0,0.0,0.0,,2,2,2,0,0.024691358024691357,0.9753086419753086,305,29,0.875
e00bc4cdd9592534,conductor_sft,conductor_sft,5042bca3db940943303868bd20b0d8e596367c5a31940eae65f6f5744ec1ff17,dd18ae8d19f96a7804df35c4965c99bbf3ce758ddc835c8c55dcc8bfdb642c18,0442a88d8cd57d60f8706858b12e50398d2914e57c06ef9ee4b2317ffffd1085,7ec75b92fd92efbe333176848f639e2c8af6cdc87d8f5bf8c7c4b1ca80b1de75,b1a85014c293dec5e1d670aeb2f13fa9c33d6225595c73a0f056d25af4877f9b,False,unknown_or_proxy_tokens,retrieval,eval,inline_lookup,seen_family,True,1.0,264,35,299,1,1,2,8.14212829200551,8.090567541017663,0.9936674111315008,0.882943143812709,0.0,0.0,0.0,,2,2,2,0,0.024691358024691357,0.9753086419753086,369,35,0.875
4e5c24077ab12113,conductor_sft,conductor_sft,5042bca3db940943303868bd20b0d8e596367c5a31940eae65f6f5744ec1ff17,dd18ae8d19f96a7804df35c4965c99bbf3ce758ddc835c8c55dcc8bfdb642c18,0442a88d8cd57d60f8706858b12e50398d2914e57c06ef9ee4b2317ffffd1085,7ec75b92fd92efbe333176848f639e2c8af6cdc87d8f5bf8c7c4b1ca80b1de75,b1a85014c293dec5e1d670aeb2f13fa9c33d6225595c73a0f056d25af4877f9b,False,unknown_or_proxy_tokens,code,eval,reverse_string,seen_family,True,1.0,212,32,244,1,1,2,1.6702593329828233,1.656982499989681,0.9920510349914154,0.8688524590163934,0.0,0.0,0.0,,2,2,2,0,0.024691358024691357,0.9753086419753086,331,32,0.875
34a27aa482707ab3,conductor_sft,conductor_sft,5042bca3db940943303868bd20b0d8e596367c5a31940eae65f6f5744ec1ff17,dd18ae8d19f96a7804df35c4965c99bbf3ce758ddc835c8c55dcc8bfdb642c18,0442a88d8cd57d60f8706858b12e50398d2914e57c06ef9ee4b2317ffffd1085,7ec75b92fd92efbe333176848f639e2c8af6cdc87d8f5bf8c7c4b1ca80b1de75,b1a85014c293dec5e1d670aeb2f13fa9c33d6225595c73a0f056d25af4877f9b,False,unknown_or_proxy_tokens,code,eval,count_vowels,seen_family,True,1.0,203,32,235,1,1,2,1.2454622079967521,1.2227762079564855,0.9817850755369321,0.8638297872340426,0.0,0.0,0.0,,2,2,2,0,0.024691358024691357,0.9753086419753086,326,32,0.875
04b017e43b44fab2,conductor_sft,conductor_sft,5042bca3db940943303868bd20b0d8e596367c5a31940eae65f6f5744ec1ff17,dd18ae8d19f96a7804df35c4965c99bbf3ce758ddc835c8c55dcc8bfdb642c18,0442a88d8cd57d60f8706858b12e50398d2914e57c06ef9ee4b2317ffffd1085,7ec75b92fd92efbe333176848f639e2c8af6cdc87d8f5bf8c7c4b1ca80b1de75,b1a85014c293dec5e1d670aeb2f13fa9c33d6225595c73a0f056d25af4877f9b,False,unknown_or_proxy_tokens,composed_retrieval_math,eval,lookup_multiply,unseen_composition,False,0.0,270,40,310,1,1,2,2.7030640830053017,2.686405000044033,0.9938369633683465,0.8709677419354839,0.0,0.0,0.0,,2,2,2,0,0.024691358024691357,0.9753086419753086,407,40,0.875
fb7d2bdaf99f3cd1,conductor_sft,conductor_sft,5042bca3db940943303868bd20b0d8e596367c5a31940eae65f6f5744ec1ff17,dd18ae8d19f96a7804df35c4965c99bbf3ce758ddc835c8c55dcc8bfdb642c18,0442a88d8cd57d60f8706858b12e50398d2914e57c06ef9ee4b2317ffffd1085,7ec75b92fd92efbe333176848f639e2c8af6cdc87d8f5bf8c7c4b1ca80b1de75,b1a85014c293dec5e1d670aeb2f13fa9c33d6225595c73a0f056d25af4877f9b,False,unknown_or_proxy_tokens,composed_math_string,eval,addition_reverse_digits,unseen_composition,False,0.0,227,36,263,1,1,2,5.236547500011511,5.2095658329781145,0.9948474320087162,0.8631178707224335,0.0,0.0,0.0,,2,2,2,0,0.024691358024691357,0.9753086419753086,360,36,0.875
2055ab45f043d261,conductor_sft,conductor_sft,5042bca3db940943303868bd20b0d8e596367c5a31940eae65f6f5744ec1ff17,dd18ae8d19f96a7804df35c4965c99bbf3ce758ddc835c8c55dcc8bfdb642c18,0442a88d8cd57d60f8706858b12e50398d2914e57c06ef9ee4b2317ffffd1085,7ec75b92fd92efbe333176848f639e2c8af6cdc87d8f5bf8c7c4b1ca80b1de75,b1a85014c293dec5e1d670aeb2f13fa9c33d6225595c73a0f056d25af4877f9b,False,unknown_or_proxy_tokens,math,eval,arithmetic_addition,seen_family,False,0.0,374,95,469,2,2,3,2.453229792008642,2.4229354579001665,0.9876512448172776,0.7974413646055437,0.0,0.0,0.0,,5,5,4,1,0.06172839506172839,0.9382716049382716,1069,95,0.875
48ea7fa6cd06dac0,conductor_sft,conductor_sft,5042bca3db940943303868bd20b0d8e596367c5a31940eae65f6f5744ec1ff17,dd18ae8d19f96a7804df35c4965c99bbf3ce758ddc835c8c55dcc8bfdb642c18,0442a88d8cd57d60f8706858b12e50398d2914e57c06ef9ee4b2317ffffd1085,7ec75b92fd92efbe333176848f639e2c8af6cdc87d8f5bf8c7c4b1ca80b1de75,b1a85014c293dec5e1d670aeb2f13fa9c33d6225595c73a0f056d25af4877f9b,False,unknown_or_proxy_tokens,retrieval,eval,inline_lookup,seen_family,True,1.0,262,35,297,1,1,2,11.125710833002813,11.102179541951045,0.9978849629111368,0.8821548821548821,0.0,0.0,0.0,,2,2,2,0,0.024691358024691357,0.9753086419753086,368,35,0.875
72b0475deab9ee01,conductor_sft,conductor_sft,5042bca3db940943303868bd20b0d8e596367c5a31940eae65f6f5744ec1ff17,dd18ae8d19f96a7804df35c4965c99bbf3ce758ddc835c8c55dcc8bfdb642c18,0442a88d8cd57d60f8706858b12e50398d2914e57c06ef9ee4b2317ffffd1085,7ec75b92fd92efbe333176848f639e2c8af6cdc87d8f5bf8c7c4b1ca80b1de75,b1a85014c293dec5e1d670aeb2f13fa9c33d6225595c73a0f056d25af4877f9b,False,unknown_or_proxy_tokens,code,eval,reverse_string,seen_family,True,1.0,217,32,249,1,1,2,10.220804375014268,10.205077166028786,0.9984612552585462,0.8714859437751004,0.0,0.0,0.0,,2,2,2,0,0.024691358024691357,0.9753086419753086,333,32,0.875
40ed52c3de05a3d7,conductor_sft,conductor_sft,5042bca3db940943303868bd20b0d8e596367c5a31940eae65f6f5744ec1ff17,dd18ae8d19f96a7804df35c4965c99bbf3ce758ddc835c8c55dcc8bfdb642c18,0442a88d8cd57d60f8706858b12e50398d2914e57c06ef9ee4b2317ffffd1085,7ec75b92fd92efbe333176848f639e2c8af6cdc87d8f5bf8c7c4b1ca80b1de75,b1a85014c293dec5e1d670aeb2f13fa9c33d6225595c73a0f056d25af4877f9b,False,unknown_or_proxy_tokens,code,eval,count_vowels,seen_family,True,1.0,203,32,235,1,1,2,10.228151832998265,10.198995457962155,0.9971493994699957,0.8638297872340426,0.0,0.0,0.0,,2,2,2,0,0.024691358024691357,0.9753086419753086,325,32,0.875
d7eea40bbd0143a3,conductor_sft,conductor_sft,5042bca3db940943303868bd20b0d8e596367c5a31940eae65f6f5744ec1ff17,dd18ae8d19f96a7804df35c4965c99bbf3ce758ddc835c8c55dcc8bfdb642c18,0442a88d8cd57d60f8706858b12e50398d2914e57c06ef9ee4b2317ffffd1085,7ec75b92fd92efbe333176848f639e2c8af6cdc87d8f5bf8c7c4b1ca80b1de75,b1a85014c293dec5e1d670aeb2f13fa9c33d6225595c73a0f056d25af4877f9b,False,unknown_or_proxy_tokens,composed_retrieval_math,eval,lookup_multiply,unseen_composition,False,0.0,270,40,310,1,1,2,2.0650688330060802,2.0478321249829605,0.9916532041220009,0.8709677419354839,0.0,0.0,0.0,,2,2,2,0,0.024691358024691357,0.9753086419753086,407,40,0.875
7a1499c22bbc12ec,conductor_sft,conductor_sft,5042bca3db940943303868bd20b0d8e596367c5a31940eae65f6f5744ec1ff17,dd18ae8d19f96a7804df35c4965c99bbf3ce758ddc835c8c55dcc8bfdb642c18,0442a88d8cd57d60f8706858b12e50398d2914e57c06ef9ee4b2317ffffd1085,7ec75b92fd92efbe333176848f639e2c8af6cdc87d8f5bf8c7c4b1ca80b1de75,b1a85014c293dec5e1d670aeb2f13fa9c33d6225595c73a0f056d25af4877f9b,False,unknown_or_proxy_tokens,composed_math_string,eval,addition_reverse_digits,unseen_composition,False,0.0,410,109,519,2,2,3,5.611975084000733,5.582320167042781,0.9947157789344975,0.789980732177264,0.0,0.0,0.0,,5,5,4,1,0.06172839506172839,0.9382716049382716,1180,109,0.875
9625758aa5348567,conductor_sft,conductor_sft,5042bca3db940943303868bd20b0d8e596367c5a31940eae65f6f5744ec1ff17,dd18ae8d19f96a7804df35c4965c99bbf3ce758ddc835c8c55dcc8bfdb642c18,0442a88d8cd57d60f8706858b12e50398d2914e57c06ef9ee4b2317ffffd1085,7ec75b92fd92efbe333176848f639e2c8af6cdc87d8f5bf8c7c4b1ca80b1de75,b1a85014c293dec5e1d670aeb2f13fa9c33d6225595c73a0f056d25af4877f9b,False,unknown_or_proxy_tokens,math,eval,arithmetic_addition,seen_family,False,0.0,374,95,469,2,2,3,2.5992299580248073,2.5731716669979505,0.9899746111549673,0.7974413646055437,0.0,0.0,0.0,,5,5,4,1,0.06172839506172839,0.9382716049382716,1070,95,0.875
9c3146084cce7ef4,conductor_sft,conductor_sft,5042bca3db940943303868bd20b0d8e596367c5a31940eae65f6f5744ec1ff17,dd18ae8d19f96a7804df35c4965c99bbf3ce758ddc835c8c55dcc8bfdb642c18,0442a88d8cd57d60f8706858b12e50398d2914e57c06ef9ee4b2317ffffd1085,7ec75b92fd92efbe333176848f639e2c8af6cdc87d8f5bf8c7c4b1ca80b1de75,b1a85014c293dec5e1d670aeb2f13fa9c33d6225595c73a0f056d25af4877f9b,False,unknown_or_proxy_tokens,retrieval,eval,inline_lookup,seen_family,True,1.0,264,35,299,1,1,2,1.2447498749825172,1.229957583011128,0.9881162534990438,0.882943143812709,0.0,0.0,0.0,,2,2,2,0,0.024691358024691357,0.9753086419753086,369,35,0.875
7a12e4f3c9762239,conductor_sft,conductor_sft,5042bca3db940943303868bd20b0d8e596367c5a31940eae65f6f5744ec1ff17,dd18ae8d19f96a7804df35c4965c99bbf3ce758ddc835c8c55dcc8bfdb642c18,0442a88d8cd57d60f8706858b12e50398d2914e57c06ef9ee4b2317ffffd1085,7ec75b92fd92efbe333176848f639e2c8af6cdc87d8f5bf8c7c4b1ca80b1de75,b1a85014c293dec5e1d670aeb2f13fa9c33d6225595c73a0f056d25af4877f9b,False,unknown_or_proxy_tokens,code,eval,reverse_string,seen_family,True,1.0,216,32,248,1,1,2,1.5265100830001757,1.5101319170207717,0.9892708432379204,0.8709677419354839,0.0,0.0,0.0,,2,2,2,0,0.024691358024691357,0.9753086419753086,331,32,0.875
7883c04c65825ffd,conductor_sft,conductor_sft,5042bca3db940943303868bd20b0d8e596367c5a31940eae65f6f5744ec1ff17,dd18ae8d19f96a7804df35c4965c99bbf3ce758ddc835c8c55dcc8bfdb642c18,0442a88d8cd57d60f8706858b12e50398d2914e57c06ef9ee4b2317ffffd1085,7ec75b92fd92efbe333176848f639e2c8af6cdc87d8f5bf8c7c4b1ca80b1de75,b1a85014c293dec5e1d670aeb2f13fa9c33d6225595c73a0f056d25af4877f9b,False,unknown_or_proxy_tokens,code,eval,count_vowels,seen_family,True,1.0,203,32,235,1,1,2,1.9935034170048311,1.970995416981168,0.9887093245832101,0.8638297872340426,0.0,0.0,0.0,,2,2,2,0,0.024691358024691357,0.9753086419753086,325,32,0.875
a4b9a77198a652ad,conductor_sft,conductor_sft,5042bca3db940943303868bd20b0d8e596367c5a31940eae65f6f5744ec1ff17,dd18ae8d19f96a7804df35c4965c99bbf3ce758ddc835c8c55dcc8bfdb642c18,0442a88d8cd57d60f8706858b12e50398d2914e57c06ef9ee4b2317ffffd1085,7ec75b92fd92efbe333176848f639e2c8af6cdc87d8f5bf8c7c4b1ca80b1de75,b1a85014c293dec5e1d670aeb2f13fa9c33d6225595c73a0f056d25af4877f9b,False,unknown_or_proxy_tokens,composed_retrieval_math,eval,lookup_multiply,unseen_composition,False,0.0,274,40,314,1,1,2,1.7693846249603666,1.7425379589549266,0.9848271169384433,0.8726114649681529,0.0,0.0,0.0,,2,2,2,0,0.024691358024691357,0.9753086419753086,409,40,0.875
35541b37f4bcc8cf,conductor_sft,conductor_sft,5042bca3db940943303868bd20b0d8e596367c5a31940eae65f6f5744ec1ff17,dd18ae8d19f96a7804df35c4965c99bbf3ce758ddc835c8c55dcc8bfdb642c18,0442a88d8cd57d60f8706858b12e50398d2914e57c06ef9ee4b2317ffffd1085,7ec75b92fd92efbe333176848f639e2c8af6cdc87d8f5bf8c7c4b1ca80b1de75,b1a85014c293dec5e1d670aeb2f13fa9c33d6225595c73a0f056d25af4877f9b,False,unknown_or_proxy_tokens,composed_math_string,eval,addition_reverse_digits,unseen_composition,False,0.0,410,109,519,2,2,3,2.1539096659980714,2.1275756249087863,0.9877738414451646,0.789980732177264,0.0,0.0,0.0,,5,5,4,1,0.06172839506172839,0.9382716049382716,1179,109,0.875
d713141593f321b9,conductor_sft,conductor_sft,5042bca3db940943303868bd20b0d8e596367c5a31940eae65f6f5744ec1ff17,dd18ae8d19f96a7804df35c4965c99bbf3ce758ddc835c8c55dcc8bfdb642c18,0442a88d8cd57d60f8706858b12e50398d2914e57c06ef9ee4b2317ffffd1085,7ec75b92fd92efbe333176848f639e2c8af6cdc87d8f5bf8c7c4b1ca80b1de75,b1a85014c293dec5e1d670aeb2f13fa9c33d6225595c73a0f056d25af4877f9b,False,unknown_or_proxy_tokens,math,eval,arithmetic_addition,seen_family,False,0.0,374,95,469,2,2,3,1.9183348329970613,1.901478249928914,0.9912129088320771,0.7974413646055437,0.0,0.0,0.0,,5,5,4,1,0.06172839506172839,0.9382716049382716,1069,95,0.875
0af35fc55420e563,conductor_sft,conductor_sft,5042bca3db940943303868bd20b0d8e596367c5a31940eae65f6f5744ec1ff17,dd18ae8d19f96a7804df35c4965c99bbf3ce758ddc835c8c55dcc8bfdb642c18,0442a88d8cd57d60f8706858b12e50398d2914e57c06ef9ee4b2317ffffd1085,7ec75b92fd92efbe333176848f639e2c8af6cdc87d8f5bf8c7c4b1ca80b1de75,b1a85014c293dec5e1d670aeb2f13fa9c33d6225595c73a0f056d25af4877f9b,False,unknown_or_proxy_tokens,retrieval,eval,inline_lookup,seen_family,True,1.0,262,35,297,1,1,2,4.811507709033322,4.724554999964312,0.9819281783741588,0.8821548821548821,0.0,0.0,0.0,,2,2,2,0,0.024691358024691357,0.9753086419753086,368,35,0.875
878cb746cc6a9d6e,conductor_sft,conductor_sft,5042bca3db940943303868bd20b0d8e596367c5a31940eae65f6f5744ec1ff17,dd18ae8d19f96a7804df35c4965c99bbf3ce758ddc835c8c55dcc8bfdb642c18,0442a88d8cd57d60f8706858b12e50398d2914e57c06ef9ee4b2317ffffd1085,7ec75b92fd92efbe333176848f639e2c8af6cdc87d8f5bf8c7c4b1ca80b1de75,b1a85014c293dec5e1d670aeb2f13fa9c33d6225595c73a0f056d25af4877f9b,False,unknown_or_proxy_tokens,code,eval,reverse_string,seen_family,True,1.0,210,32,242,1,1,2,6.6189875829732046,6.589629166992381,0.9955645156282895,0.8677685950413223,0.0,0.0,0.0,,2,2,2,0,0.024691358024691357,0.9753086419753086,333,32,0.875
05fc01256bee2fa9,conductor_sft,conductor_sft,5042bca3db940943303868bd20b0d8e596367c5a31940eae65f6f5744ec1ff17,dd18ae8d19f96a7804df35c4965c99bbf3ce758ddc835c8c55dcc8bfdb642c18,0442a88d8cd57d60f8706858b12e50398d2914e57c06ef9ee4b2317ffffd1085,7ec75b92fd92efbe333176848f639e2c8af6cdc87d8f5bf8c7c4b1ca80b1de75,b1a85014c293dec5e1d670aeb2f13fa9c33d6225595c73a0f056d25af4877f9b,False,unknown_or_proxy_tokens,code,eval,count_vowels,seen_family,True,1.0,207,32,239,1,1,2,6.219654458982404,6.194494874973316,0.9959548260799677,0.8661087866108786,0.0,0.0,0.0,,2,2,2,0,0.024691358024691357,0.9753086419753086,325,32,0.875
808a39ce147335cf,conductor_sft,conductor_sft,5042bca3db940943303868bd20b0d8e596367c5a31940eae65f6f5744ec1ff17,dd18ae8d19f96a7804df35c4965c99bbf3ce758ddc835c8c55dcc8bfdb642c18,0442a88d8cd57d60f8706858b12e50398d2914e57c06ef9ee4b2317ffffd1085,7ec75b92fd92efbe333176848f639e2c8af6cdc87d8f5bf8c7c4b1ca80b1de75,b1a85014c293dec5e1d670aeb2f13fa9c33d6225595c73a0f056d25af4877f9b,False,unknown_or_proxy_tokens,composed_retrieval_math,eval,lookup_multiply,unseen_composition,False,0.0,274,40,314,1,1,2,4.961792833986692,4.906271498999558,0.9888102271004081,0.8726114649681529,0.0,0.0,0.0,,2,2,2,0,0.024691358024691357,0.9753086419753086,409,40,0.875
2611ca96495b0129,conductor_sft,conductor_sft,5042bca3db940943303868bd20b0d8e596367c5a31940eae65f6f5744ec1ff17,dd18ae8d19f96a7804df35c4965c99bbf3ce758ddc835c8c55dcc8bfdb642c18,0442a88d8cd57d60f8706858b12e50398d2914e57c06ef9ee4b2317ffffd1085,7ec75b92fd92efbe333176848f639e2c8af6cdc87d8f5bf8c7c4b1ca80b1de75,b1a85014c293dec5e1d670aeb2f13fa9c33d6225595c73a0f056d25af4877f9b,False,unknown_or_proxy_tokens,composed_math_string,eval,addition_reverse_digits,unseen_composition,False,0.0,227,36,263,1,1,2,4.655661249998957,4.626139292027801,0.9936589119384143,0.8631178707224335,0.0,0.0,0.0,,2,2,2,0,0.024691358024691357,0.9753086419753086,360,36,0.875
8313266602378b1f,conductor_sft,conductor_sft,5042bca3db940943303868bd20b0d8e596367c5a31940eae65f6f5744ec1ff17,dd18ae8d19f96a7804df35c4965c99bbf3ce758ddc835c8c55dcc8bfdb642c18,0442a88d8cd57d60f8706858b12e50398d2914e57c06ef9ee4b2317ffffd1085,7ec75b92fd92efbe333176848f639e2c8af6cdc87d8f5bf8c7c4b1ca80b1de75,b1a85014c293dec5e1d670aeb2f13fa9c33d6225595c73a0f056d25af4877f9b,False,unknown_or_proxy_tokens,math,eval,arithmetic_addition,seen_family,False,0.0,374,95,469,2,2,3,6.367053291993216,6.318672625056934,0.9924014038021133,0.7974413646055437,0.0,0.0,0.0,,5,5,4,1,0.06172839506172839,0.9382716049382716,1070,95,0.875
e32f529c213a1787,conductor_sft,conductor_sft,5042bca3db940943303868bd20b0d8e596367c5a31940eae65f6f5744ec1ff17,dd18ae8d19f96a7804df35c4965c99bbf3ce758ddc835c8c55dcc8bfdb642c18,0442a88d8cd57d60f8706858b12e50398d2914e57c06ef9ee4b2317ffffd1085,7ec75b92fd92efbe333176848f639e2c8af6cdc87d8f5bf8c7c4b1ca80b1de75,b1a85014c293dec5e1d670aeb2f13fa9c33d6225595c73a0f056d25af4877f9b,False,unknown_or_proxy_tokens,retrieval,eval,inline_lookup,seen_family,True,1.0,264,35,299,1,1,2,5.965679250017274,5.936228332982864,0.9950632751443477,0.882943143812709,0.0,0.0,0.0,,2,2,2,0,0.024691358024691357,0.9753086419753086,369,35,0.875
dc8fac7381039b16,conductor_sft,conductor_sft,5042bca3db940943303868bd20b0d8e596367c5a31940eae65f6f5744ec1ff17,dd18ae8d19f96a7804df35c4965c99bbf3ce758ddc835c8c55dcc8bfdb642c18,0442a88d8cd57d60f8706858b12e50398d2914e57c06ef9ee4b2317ffffd1085,7ec75b92fd92efbe333176848f639e2c8af6cdc87d8f5bf8c7c4b1ca80b1de75,b1a85014c293dec5e1d670aeb2f13fa9c33d6225595c73a0f056d25af4877f9b,False,unknown_or_proxy_tokens,code,eval,reverse_string,seen_family,True,1.0,215,32,247,1,1,2,1.3238506670459174,1.3061349989729933,0.9866180767106797,0.8704453441295547,0.0,0.0,0.0,,2,2,2,0,0.024691358024691357,0.9753086419753086,333,32,0.875
64b3be0778c6e980,conductor_sft,conductor_sft,5042bca3db940943303868bd20b0d8e596367c5a31940eae65f6f5744ec1ff17,dd18ae8d19f96a7804df35c4965c99bbf3ce758ddc835c8c55dcc8bfdb642c18,0442a88d8cd57d60f8706858b12e50398d2914e57c06ef9ee4b2317ffffd1085,7ec75b92fd92efbe333176848f639e2c8af6cdc87d8f5bf8c7c4b1ca80b1de75,b1a85014c293dec5e1d670aeb2f13fa9c33d6225595c73a0f056d25af4877f9b,False,unknown_or_proxy_tokens,code,eval,count_vowels,seen_family,True,1.0,203,32,235,1,1,2,1.114468791987747,1.0981813339749351,0.9853854516789458,0.8638297872340426,0.0,0.0,0.0,,2,2,2,0,0.024691358024691357,0.9753086419753086,326,32,0.875
e317bae3c7655fe4,conductor_sft,conductor_sft,5042bca3db940943303868bd20b0d8e596367c5a31940eae65f6f5744ec1ff17,dd18ae8d19f96a7804df35c4965c99bbf3ce758ddc835c8c55dcc8bfdb642c18,0442a88d8cd57d60f8706858b12e50398d2914e57c06ef9ee4b2317ffffd1085,7ec75b92fd92efbe333176848f639e2c8af6cdc87d8f5bf8c7c4b1ca80b1de75,b1a85014c293dec5e1d670aeb2f13fa9c33d6225595c73a0f056d25af4877f9b,False,unknown_or_proxy_tokens,composed_retrieval_math,eval,lookup_multiply,unseen_composition,False,0.0,270,40,310,1,1,2,1.2484734999598004,1.2305535829509608,0.9856465379446047,0.8709677419354839,0.0,0.0,0.0,,2,2,2,0,0.024691358024691357,0.9753086419753086,407,40,0.875
df94c49a2a5669c4,conductor_sft,conductor_sft,5042bca3db940943303868bd20b0d8e596367c5a31940eae65f6f5744ec1ff17,dd18ae8d19f96a7804df35c4965c99bbf3ce758ddc835c8c55dcc8bfdb642c18,0442a88d8cd57d60f8706858b12e50398d2914e57c06ef9ee4b2317ffffd1085,7ec75b92fd92efbe333176848f639e2c8af6cdc87d8f5bf8c7c4b1ca80b1de75,b1a85014c293dec5e1d670aeb2f13fa9c33d6225595c73a0f056d25af4877f9b,False,unknown_or_proxy_tokens,composed_math_string,eval,addition_reverse_digits,unseen_composition,False,0.0,410,109,519,2,2,3,2.2643076670356095,2.2471991250058636,0.9924442502762251,0.789980732177264,0.0,0.0,0.0,,5,5,4,1,0.06172839506172839,0.9382716049382716,1180,109,0.875
