policy,layer,num_experts,utilized_experts,utilized_fraction,activation_frequency,normalized_routing_entropy,load_coefficient_of_variation,task_distribution_js_divergence,observations,interpretation
base_moe,0,32,32,1.0,"[0.05473658772353794, 0.04531174480425326, 0.0038061865635572742, 0.04337844369260512, 0.0028395360077332044, 0.04204929917834703, 0.0375181246979217, 0.05872402126631223, 0.008035282745287578, 0.049963750604156594, 0.038363943934267765, 0.004531174480425326, 0.04428467858869019, 0.06228854519091349, 0.03401401643305945, 0.02265587240212663, 0.008397776703721604, 0.04084098598356694, 0.027307878202029966, 0.028939101014983083, 0.001570807153214113, 0.0402972450459159, 0.03969308844852586, 0.02815369743837603, 0.03528274528757854, 0.016614306428226196, 0.029543257612373128, 0.01733929434509425, 0.010391493475108747, 0.045915901401643304, 0.013593523441275979, 0.06361768970517158]",0.8362499619850275,0.5755296046172668,"{'math': 0.0043855934673684175, 'retrieval': 0.0013956776365538206, 'code': 0.0027469829657604922, 'composed_retrieval_math': 0.0014610253025885347, 'composed_math_string': 0.0018750971123514713}",2069,Task/load correlation is descriptive; it does not establish semantic expert specialization.
base_moe,1,32,32,1.0,"[0.0021749637506041568, 0.05207829869502175, 0.020662155630739486, 0.05703238279362011, 0.02404543257612373, 0.013895601739971, 0.04090140164330595, 0.001027066215563074, 0.125, 0.0006041565973900435, 0.0038061865635572742, 0.007129047849202513, 0.015889318511358143, 0.125, 0.0486950217496375, 0.006766553890768487, 0.001027066215563074, 0.0043499275012083135, 0.0047124214596423394, 0.125, 0.03733687771870469, 0.015889318511358143, 0.01099565007249879, 0.030328661188980182, 0.007551957467375543, 0.05322619623006283, 0.003141614306428226, 0.0014499758337361043, 0.027549540840985983, 0.04138472692121798, 0.05062832286128564, 0.04072015466408893]",0.7778784162821543,1.1246528459551717,"{'math': 0.0017081470765903143, 'retrieval': 0.0016304610885220397, 'code': 0.001093424822033921, 'composed_retrieval_math': 0.002129121182677546, 'composed_math_string': 0.0014200435737721992}",2069,Task/load correlation is descriptive; it does not establish semantic expert specialization.
base_moe,2,32,32,1.0,"[0.029664088931851136, 0.06633639439342677, 0.014741420976317062, 0.0036853552440792654, 0.009968583856935718, 0.03812228129531175, 0.001570807153214113, 0.0030207829869502174, 0.016433059449009184, 0.0012687288545190913, 0.0011478975350410826, 0.010331077815369743, 0.023260028999516676, 0.0025374577090381827, 0.006887385210246496, 0.02150797486708555, 0.027247462542290962, 0.021749637506041565, 0.0527428709521508, 0.024226679555340743, 0.037880618656355725, 0.0012687288545190913, 0.06875302078298695, 0.0097269212179797, 0.125, 0.0527428709521508, 0.125, 0.01582890285161914, 0.0860318994683422, 0.002295795070082165, 0.07406959884001933, 0.024951667472208797]",0.8523266154396071,1.0718687932349564,"{'math': 0.0028309155169225445, 'retrieval': 0.0014324001833499575, 'code': 0.0012902649762975842, 'composed_retrieval_math': 0.00085706209003007, 'composed_math_string': 0.002588887003236569}",2069,Task/load correlation is descriptive; it does not establish semantic expert specialization.
base_moe,3,32,32,1.0,"[0.05159497341710972, 0.030932817786370227, 0.08838811019816337, 0.005679072015466409, 0.07110923151280812, 0.007249879168680522, 0.033772353794103434, 0.04011599806669889, 0.006887385210246496, 0.03830352827452876, 0.026039149347510875, 0.011720637989366844, 0.012626872885451909, 0.04929917834702755, 0.0071894635089415175, 0.005437409376510391, 0.03558482358627356, 0.0010874818753020784, 0.04881585306911552, 0.0009062348960850652, 0.0041686805219913, 0.030328661188980182, 0.0333494441759304, 0.00918318028032866, 0.06313436442725955, 0.0012687288545190913, 0.07588206863218946, 0.04664088931851136, 0.026220396326727888, 0.008820686321894635, 0.0778153697438376, 0.050447075882068634]",0.863269610871765,0.8028969780842194,"{'math': 0.0021985676305768392, 'retrieval': 0.002839042237845014, 'code': 0.0023773236106595526, 'composed_retrieval_math': 0.0020121495052233544, 'composed_math_string': 0.0027099831638130777}",2069,Task/load correlation is descriptive; it does not establish semantic expert specialization.
base_moe,4,32,32,1.0,"[0.06295311744804254, 0.047184630256162395, 0.00918318028032866, 0.015164330594490091, 0.0076123731271145485, 0.03661188980183663, 0.030932817786370227, 0.020843402609956502, 0.05304494925084582, 0.005799903334944417, 0.03800144997583373, 0.014560173997100048, 0.06965925567907201, 0.01860802319961334, 0.048513774770420494, 0.021930884485258578, 0.007431126147897535, 0.016916384726921217, 0.055038666022232965, 0.034376510391493476, 0.015285161913968101, 0.02972450459159014, 0.012445625906234896, 0.04797003383276945, 0.04041807636539391, 0.022595456742387627, 0.049963750604156594, 0.02567665538907685, 0.039753504108264864, 0.005316578057032383, 0.08095698405026583, 0.015526824552924118]",0.8783364095980043,0.6301573969535403,"{'math': 0.0026085737435494376, 'retrieval': 0.002033532900224089, 'code': 0.0011631114904516932, 'composed_retrieval_math': 0.001093312482664414, 'composed_math_string': 0.001610135190678512}",2069,Task/load correlation is descriptive; it does not establish semantic expert specialization.
base_moe,5,32,32,1.0,"[0.00791445142580957, 0.012928951184146931, 0.01304978250362494, 0.01582890285161914, 0.008276945384243596, 0.014258095698405027, 0.009485258579023683, 0.021870468825519573, 0.10482116964717254, 0.037155630739487674, 0.027428709521507975, 0.018789270178830354, 0.00918318028032866, 0.03661188980183663, 0.018970517158047366, 0.031899468342194294, 0.036309811503141616, 0.014922667955534074, 0.027187046882551958, 0.024226679555340743, 0.05793861768970517, 0.01836636056065732, 0.04053890768487192, 0.024226679555340743, 0.12004591590140164, 0.01746012566457226, 0.0458554857419043, 0.03262445625906235, 0.008458192363460609, 0.028274528757854037, 0.08893185113581441, 0.026159980666988884]",0.8238199288445691,0.8514497516349988,"{'math': 0.0014692776640804215, 'retrieval': 0.0016915668486167075, 'code': 0.002502664990519517, 'composed_retrieval_math': 0.0025043284006620497, 'composed_math_string': 0.0013852381989741419}",2069,Task/load correlation is descriptive; it does not establish semantic expert specialization.
base_moe,6,32,32,1.0,"[0.04809086515224746, 0.005014499758337361, 0.03540357660705655, 0.003081198646689222, 0.05872402126631223, 0.053165780570323826, 0.04567423876268729, 0.023139197680038665, 0.0003624939584340261, 0.02265587240212663, 0.028516191396810053, 0.02247462542290962, 0.07183421942967617, 0.05225954567423876, 0.04615756404059932, 0.008639439342677623, 0.03262445625906235, 0.011841469308844853, 0.014378927017883035, 0.027851619139681004, 0.028516191396810053, 0.10584823586273562, 0.007249879168680522, 0.037155630739487674, 0.020662155630739486, 0.07382793620106332, 0.010814403093281778, 0.009606089898501691, 0.013714354760753987, 0.02011841469308845, 0.033289028516191393, 0.027307878202029966]",0.8533309034162145,0.745034292966862,"{'math': 0.002704689750311657, 'retrieval': 0.003077030523050378, 'code': 0.0028603667923703434, 'composed_retrieval_math': 0.0019838036878723295, 'composed_math_string': 0.002176403029304579}",2069,Task/load correlation is descriptive; it does not establish semantic expert specialization.
base_moe,7,32,32,1.0,"[0.017037216046399226, 0.008458192363460609, 0.005014499758337361, 0.042593040115998064, 0.06579265345577574, 0.061140647655872404, 0.01999758337361044, 0.03600773320444659, 0.03141614306428226, 0.03763895601739971, 0.03262445625906235, 0.033289028516191393, 0.0013895601739971001, 0.0653093281778637, 0.049782503624939585, 0.001570807153214113, 0.040478492025132914, 0.052561623972933784, 0.045795070082165296, 0.04428467858869019, 0.04180763653939101, 0.009545674238762687, 0.017278878685355246, 0.0347390043499275, 0.008941517641372644, 0.023562107298211697, 0.010028999516674722, 0.005739487675205413, 0.0346785886901885, 0.04126389560173997, 0.021930884485258578, 0.0583011116481392]",0.8796354651651251,0.6038932228733688,"{'math': 0.004033488856465149, 'retrieval': 0.003809837878773768, 'code': 0.0016776405064249066, 'composed_retrieval_math': 0.002950688534191597, 'composed_math_string': 0.0031115966989431}",2069,Task/load correlation is descriptive; it does not establish semantic expert specialization.
base_moe,8,32,32,1.0,"[0.041868052199130014, 0.03214113098115031, 0.009001933301111648, 0.03679313678105365, 0.011176897051715805, 0.039813919768003865, 0.023985016916384726, 0.030268245529241178, 0.08113823102948284, 0.08397776703721604, 0.01776220396326728, 0.028274528757854037, 0.011418559690671822, 0.006645722571290478, 0.012808119864668923, 0.06549057515708072, 0.021205896568390527, 0.019937167713871436, 0.02531416143064282, 0.06234896085065249, 0.036974383760270665, 0.031174480425326244, 0.009606089898501691, 0.01304978250362494, 0.009364427259545675, 0.010753987433542774, 0.008397776703721604, 0.07026341227646206, 0.03153697438376027, 0.0737071048815853, 0.04005558240695988, 0.0037457709038182696]",0.8845990840320747,0.7328634875128384,"{'math': 0.004978658669608855, 'retrieval': 0.003594452301365224, 'code': 0.0016259184964783437, 'composed_retrieval_math': 0.002634854348792966, 'composed_math_string': 0.004215692062917555}",2069,Task/load correlation is descriptive; it does not establish semantic expert specialization.
base_moe,9,32,32,1.0,"[0.09877960367327211, 0.024105848235862735, 0.04132431126147897, 0.045795070082165296, 0.00652489125181247, 0.052440792653455776, 0.020360077332044466, 0.03286611889801837, 0.037095215079748674, 0.04132431126147897, 0.03153697438376027, 0.03208071532141131, 0.03280570323827936, 0.026341227646205896, 0.010512324794586757, 0.007310294828419527, 0.018789270178830354, 0.059932334461092314, 0.014681005316578058, 0.060476075398743355, 0.02042049299178347, 0.04543257612373127, 0.0059811503141614306, 0.005799903334944417, 0.022595456742387627, 0.0071894635089415175, 0.033832769453842435, 0.03661188980183663, 0.03153697438376027, 0.016553890768487192, 0.051172063798936684, 0.027791203479942]",0.8971885122560759,0.6273106039866784,"{'math': 0.0022288350797022597, 'retrieval': 0.0024247284296655233, 'code': 0.0017775702284590746, 'composed_retrieval_math': 0.0017539807002951986, 'composed_math_string': 0.0035179172171065413}",2069,Task/load correlation is descriptive; it does not establish semantic expert specialization.
base_moe,10,32,32,1.0,"[0.04343885935234413, 0.029905751570807153, 0.030932817786370227, 0.0666988883518608, 0.03431609473175447, 0.03558482358627356, 0.08862977283711938, 0.006162397293378444, 0.011962300628322861, 0.016916384726921217, 0.008579023682938617, 0.03141614306428226, 0.02181005316578057, 0.014681005316578058, 0.021930884485258578, 0.018789270178830354, 0.013291445142580956, 0.020843402609956502, 0.02972450459159014, 0.010210246495891735, 0.0047124214596423394, 0.062409376510391495, 0.043136781053649105, 0.03896810053165781, 0.037880618656355725, 0.04253262445625906, 0.06790720154664089, 0.0347390043499275, 0.012626872885451909, 0.012566457225712905, 0.04809086515224746, 0.03860560657322378]",0.8965441862785593,0.6290810660154362,"{'math': 0.002199628173942108, 'retrieval': 0.002709799284215155, 'code': 0.0016788843213927515, 'composed_retrieval_math': 0.0014476459875059646, 'composed_math_string': 0.0028430144888413325}",2069,Task/load correlation is descriptive; it does not establish semantic expert specialization.
base_moe,11,32,32,1.0,"[0.02138714354760754, 0.017520541324311262, 0.03014741420976317, 0.018487191880135333, 0.0035645239246012567, 0.040357660705654906, 0.06367810536491059, 0.037699371677138716, 0.022232962783953602, 0.04917834702754954, 0.02905993233446109, 0.04138472692121798, 0.010753987433542774, 0.018547607539874337, 0.03268487191880135, 0.04954084098598357, 0.010633156114064766, 0.042955534074432096, 0.04235137747704205, 0.034497341710971484, 0.04084098598356694, 0.04041807636539391, 0.005799903334944417, 0.03667230546157564, 0.04078057032382794, 0.015768487191880134, 0.0361285645239246, 0.019212179797003383, 0.03280570323827936, 0.04428467858869019, 0.008035282745287578, 0.0625906234896085]",0.8952948761071794,0.4919346864238461,"{'math': 0.0019771856909911885, 'retrieval': 0.002095249074724592, 'code': 0.0017140308417149899, 'composed_retrieval_math': 0.0018569357992052897, 'composed_math_string': 0.0017391008933941416}",2069,Task/load correlation is descriptive; it does not establish semantic expert specialization.
base_moe,12,32,32,1.0,"[0.03999516674722088, 0.009122764620589656, 0.022837119381343644, 0.03721604639922668, 0.005679072015466409, 0.016614306428226196, 0.05389076848719188, 0.04235137747704205, 0.047728371193813436, 0.013956017399710004, 0.008035282745287578, 0.069357177380377, 0.017822619623006283, 0.0709279845335911, 0.030932817786370227, 0.04090140164330595, 0.007551957467375543, 0.04319719671338811, 0.06313436442725955, 0.08415901401643305, 0.029482841952634124, 0.00984775253745771, 0.017218463025616238, 0.0027187046882551956, 0.07068632189463508, 0.004229096181730304, 0.01123731271145481, 0.009545674238762687, 0.03558482358627356, 0.017399710004833254, 0.05793861768970517, 0.008699855002416627]",0.8878616474197842,0.7411715257219671,"{'math': 0.003653094502247051, 'retrieval': 0.0022001664170224755, 'code': 0.0017193430488197587, 'composed_retrieval_math': 0.0026100881426582385, 'composed_math_string': 0.0016707748536168477}",2069,Task/load correlation is descriptive; it does not establish semantic expert specialization.
base_moe,13,32,32,1.0,"[0.07823827936201064, 0.023682938617689706, 0.06210729821169647, 0.041686805219913005, 0.01637264378927018, 0.004954084098598357, 0.00652489125181247, 0.028274528757854037, 0.018245529241179313, 0.023018366360560656, 0.01582890285161914, 0.03896810053165781, 0.05219913001449976, 0.04090140164330595, 0.004047849202513292, 0.017399710004833254, 0.06603431609473176, 0.04555340744320928, 0.009001933301111648, 0.004470758820686322, 0.03304736587723538, 0.020178830352827453, 0.05546157564040599, 0.018487191880135333, 0.0011478975350410826, 0.015345577573707105, 0.04132431126147897, 0.018305944900918317, 0.12161672305461575, 0.017218463025616238, 0.00459159014016433, 0.055763653939101016]",0.9023361105654248,0.8287164126691638,"{'math': 0.00561567383230893, 'retrieval': 0.0027773443370689497, 'code': 0.002377984693113693, 'composed_retrieval_math': 0.0023068233108176034, 'composed_math_string': 0.0030258642754245712}",2069,Task/load correlation is descriptive; it does not establish semantic expert specialization.
base_moe,14,32,32,1.0,"[0.03268487191880135, 0.03570565490575157, 0.04899710004833253, 0.008458192363460609, 0.010512324794586757, 0.021447559207346544, 0.007491541807636539, 0.06446350894151764, 0.0041686805219913, 0.054374093765103916, 0.0862131464475592, 0.02513291445142581, 0.01969550507491542, 0.10216288061865636, 0.055582406959884, 0.0083373610439826, 0.006826969550507492, 0.01220396326727888, 0.04555340744320928, 0.011176897051715805, 0.03691396810053166, 0.003081198646689222, 0.05467617206379893, 0.01764137264378927, 0.026220396326727888, 0.04235137747704205, 0.0021749637506041568, 0.047728371193813436, 0.029784920251329144, 0.003262445625906235, 0.028395360077332045, 0.04658047365877235]",0.9141276845229108,0.7813038076969551,"{'math': 0.004520932230524653, 'retrieval': 0.0021632863848622124, 'code': 0.0013849946742023837, 'composed_retrieval_math': 0.0023172581678877723, 'composed_math_string': 0.0014604684973989084}",2069,Task/load correlation is descriptive; it does not establish semantic expert specialization.
base_moe,15,32,32,1.0,"[0.0013291445142580957, 0.019816336394393428, 0.0069478008699855, 0.029180763653939103, 0.008216529724504592, 0.005074915418076365, 0.0035041082648622525, 0.013774770420492992, 0.04621797970033833, 0.04319719671338811, 0.10059207346544224, 0.016191396810053167, 0.021870468825519573, 0.04011599806669889, 0.01208313194780087, 0.026824552924117933, 0.05153455775737071, 0.04488883518608023, 0.07400918318028032, 0.04392218463025616, 0.005618656355727405, 0.034436926051232476, 0.05938859352344127, 0.04283470275495408, 0.0025374577090381827, 0.04464717254712421, 0.004893668438859352, 0.0016312228129531175, 0.08222571290478492, 0.039149347510874816, 0.02930159497341711, 0.04404301594973417]",0.8819170758206853,0.7889411376835126,"{'math': 0.0044707278860067895, 'retrieval': 0.0023861630192886733, 'code': 0.0017546024937431977, 'composed_retrieval_math': 0.0023706923391527968, 'composed_math_string': 0.0028290092168830297}",2069,Task/load correlation is descriptive; it does not establish semantic expert specialization.
base_moe,16,32,32,1.0,"[0.10071290478492025, 0.006162397293378444, 0.04277428709521508, 0.038545190913484774, 0.03957225712904785, 0.0250120831319478, 0.04790961817303045, 0.04325761237312711, 0.011358144030932818, 0.002295795070082165, 0.026039149347510875, 0.03637022716288062, 0.03038907684871919, 0.02307878202029966, 0.025495408409859834, 0.0083373610439826, 0.025495408409859834, 0.012626872885451909, 0.039149347510874816, 0.029664088931851136, 0.05570323827936201, 0.002295795070082165, 0.003322861285645239, 0.07116964717254712, 0.003141614306428226, 0.03141614306428226, 0.053769937167713874, 0.014620589656839053, 0.014197680038666022, 0.039753504108264864, 0.01443934267762204, 0.0819236346060899]",0.8937141228995235,0.7402785657511177,"{'math': 0.002663336531550501, 'retrieval': 0.001689365630089045, 'code': 0.0013426646371876654, 'composed_retrieval_math': 0.00224495971228703, 'composed_math_string': 0.0019686102079423578}",2069,Task/load correlation is descriptive; it does not establish semantic expert specialization.
base_moe,17,32,32,1.0,"[0.037820202996616724, 0.02265587240212663, 0.03359110681488642, 0.015164330594490091, 0.048513774770420494, 0.05473658772353794, 0.05818028032866119, 0.005920734654422426, 0.04355969067182214, 0.0038666022232962784, 0.08041324311261479, 0.04948042532624456, 0.0026582890285161915, 0.06851135814403093, 0.011781053649105849, 0.05068873852102465, 0.012687288545190913, 0.0016312228129531175, 0.04549299178347028, 0.010814403093281778, 0.027972450459159012, 0.031053649105848236, 0.017278878685355246, 0.04676172063798937, 0.008760270662155631, 0.027851619139681004, 0.02579748670855486, 0.048392943450942486, 0.03407443209279845, 0.017278878685355246, 0.049842919284678586, 0.006766553890768487]",0.903965062139575,0.6570099157201547,"{'math': 0.002676931440326832, 'retrieval': 0.0021754072149161967, 'code': 0.001777111679405551, 'composed_retrieval_math': 0.0015315721909840668, 'composed_math_string': 0.0019426207349349947}",2069,Task/load correlation is descriptive; it does not establish semantic expert specialization.
base_moe,18,32,32,1.0,"[0.010270662155630739, 0.019574673755437408, 0.059207346544224264, 0.041143064282261964, 0.049238762687288544, 0.032261962300628326, 0.0472450459159014, 0.037699371677138716, 0.014137264378927018, 0.05938859352344127, 0.002235379410343161, 0.021628806186563557, 0.008820686321894635, 0.05775737071048816, 0.020541324311261478, 0.018789270178830354, 0.02875785403576607, 0.048574190430159495, 0.012324794586756888, 0.022716288061865635, 0.03739729337844369, 0.048513774770420494, 0.039813919768003865, 0.020601739971000482, 0.031174480425326244, 0.0639197680038666, 0.009968583856935718, 0.04150555824069599, 0.03407443209279845, 0.008941517641372644, 0.00918318028032866, 0.042593040115998064]",0.9131834710754202,0.5536560088093584,"{'math': 0.002028775024486043, 'retrieval': 0.0016757581612608001, 'code': 0.0017694059120446429, 'composed_retrieval_math': 0.0017728004021879866, 'composed_math_string': 0.0019440351835023836}",2069,Task/load correlation is descriptive; it does not establish semantic expert specialization.
base_moe,19,32,32,1.0,"[0.0071894635089415175, 0.013231029482841952, 0.019272595456742387, 0.022535041082648623, 0.02199130014499758, 0.06971967133881102, 0.011056065732237797, 0.005316578057032383, 0.04404301594973417, 0.0361285645239246, 0.004047849202513292, 0.016553890768487192, 0.04942000966650556, 0.016493475108748188, 0.06742387626872885, 0.020601739971000482, 0.015164330594490091, 0.027549540840985983, 0.033832769453842435, 0.04935959400676655, 0.06011358144030933, 0.006645722571290478, 0.01220396326727888, 0.05793861768970517, 0.03763895601739971, 0.02307878202029966, 0.008397776703721604, 0.07231754470758821, 0.047667955534074435, 0.045190913484775254, 0.06742387626872885, 0.010451909134847753]",0.9111832452498047,0.6817425764258096,"{'math': 0.0020960009025760675, 'retrieval': 0.0018115211598068572, 'code': 0.001108209383381071, 'composed_retrieval_math': 0.0011808404319271035, 'composed_math_string': 0.0025143147990161433}",2069,Task/load correlation is descriptive; it does not establish semantic expert specialization.
base_moe,20,32,32,1.0,"[0.03920976317061382, 0.10741904301594973, 0.05093040115998067, 0.0402972450459159, 0.02803286611889802, 0.031174480425326244, 0.05721362977283712, 0.003927017883035283, 0.03685355244079265, 0.00888110198163364, 0.013956017399710004, 0.04827211213146448, 0.03038907684871919, 0.008699855002416627, 0.0035645239246012567, 0.010391493475108747, 0.03099323344610923, 0.05679072015466409, 0.0069478008699855, 0.05159497341710972, 0.0051353310778153695, 0.09932334461092315, 0.022716288061865635, 0.01443934267762204, 0.012747704204929917, 0.012687288545190913, 0.03250362493958434, 0.050447075882068634, 0.031718221362977285, 0.026884968583856937, 0.002054132431126148, 0.023803769937167714]",0.9124458147598877,0.7981797776514923,"{'math': 0.0035706138482552332, 'retrieval': 0.001527534480108486, 'code': 0.001722222090367458, 'composed_retrieval_math': 0.001802832960245239, 'composed_math_string': 0.002402943227120423}",2069,Task/load correlation is descriptive; it does not establish semantic expert specialization.
base_moe,21,32,32,1.0,"[0.025193330111164813, 0.0014499758337361043, 0.08977767037216046, 0.06893426776220396, 0.04126389560173997, 0.05461575640405993, 0.018305944900918317, 0.012385210246495892, 0.017037216046399226, 0.036491058482358625, 0.01625181246979217, 0.0071894635089415175, 0.014560173997100048, 0.09394635089415176, 0.03359110681488642, 0.03498066698888352, 0.018426776220396325, 0.0025374577090381827, 0.0026582890285161915, 0.11134606089898502, 0.003322861285645239, 0.0514137264378927, 0.010935234412759787, 0.026643305944900917, 0.018487191880135333, 0.047849202513291444, 0.009424842919284679, 0.02181005316578057, 0.012747704204929917, 0.059811503141614306, 0.0017520541324311262, 0.03485983566940551]",0.9269078676241422,0.8960239415931609,"{'math': 0.0022632946992012016, 'retrieval': 0.0023611053299865464, 'code': 0.0010617965627964525, 'composed_retrieval_math': 0.0010263155124247381, 'composed_math_string': 0.00382314694464235}",2069,Task/load correlation is descriptive; it does not establish semantic expert specialization.
base_moe,22,32,32,1.0,"[0.002416626389560174, 0.004893668438859352, 0.0027187046882551956, 0.10911068148864185, 0.08222571290478492, 0.021628806186563557, 0.05358869018849686, 0.002960367327211213, 0.07304253262445626, 0.03014741420976317, 0.06367810536491059, 0.002597873368777187, 0.09757129047849203, 0.03401401643305945, 0.0033832769453842437, 0.05431367810536491, 0.005195746737554374, 0.0180642822619623, 0.010028999516674722, 0.08379652005799904, 0.0097269212179797, 0.010633156114064766, 0.002597873368777187, 0.0032020299661672308, 0.0458554857419043, 0.005679072015466409, 0.009364427259545675, 0.045130497825036246, 0.0037457709038182696, 0.036491058482358625, 0.001208313194780087, 0.07098840019333011]",0.9159992302858215,1.0290542683663606,"{'math': 0.0035342858280907564, 'retrieval': 0.002983452584179415, 'code': 0.0017482900474106527, 'composed_retrieval_math': 0.002282089355100325, 'composed_math_string': 0.002874263560555629}",2069,Task/load correlation is descriptive; it does not establish semantic expert specialization.
base_moe,23,32,32,1.0,"[0.033772353794103434, 0.07304253262445626, 0.0071894635089415175, 0.05757612373127115, 0.04960125664572257, 0.033711938134364426, 0.021205896568390527, 0.003081198646689222, 0.013714354760753987, 0.05872402126631223, 0.01486225229579507, 0.007491541807636539, 0.02652247462542291, 0.0009062348960850652, 0.0038666022232962784, 0.007068632189463509, 0.11636056065732238, 0.004531174480425326, 0.051051232479458676, 0.002960367327211213, 0.06923634606089898, 0.0023562107298211697, 0.006645722571290478, 0.0025374577090381827, 0.06198646689221846, 0.004470758820686322, 0.04748670855485742, 0.0776945384243596, 0.0028395360077332044, 0.0010874818753020784, 0.09642339294345094, 0.03999516674722088]",0.9035130593481674,1.002659351022535,"{'math': 0.0034947693105448585, 'retrieval': 0.003989759762714603, 'code': 0.001920728957641519, 'composed_retrieval_math': 0.0021533984883381273, 'composed_math_string': 0.00419982769215493}",2069,Task/load correlation is descriptive; it does not establish semantic expert specialization.
conductor_sft,0,32,32,1.0,"[0.04890468870099923, 0.04563797079169869, 0.003939277478862414, 0.04313989239046887, 0.003747117601844735, 0.039488854727132976, 0.036318216756341275, 0.05928132205995388, 0.007590315142198309, 0.050345887778631825, 0.03775941583397387, 0.003747117601844735, 0.047847809377402, 0.06571867794004611, 0.033051498847040735, 0.020657186779400462, 0.00749423520368947, 0.03439661798616449, 0.02997694081475788, 0.027767102229054572, 0.0009607993850883935, 0.037855495772482706, 0.039681014604150654, 0.02421214450422752, 0.03353189853958494, 0.01921598770176787, 0.030361260568793236, 0.0207532667179093, 0.018639508070714836, 0.045445810914681015, 0.021137586471944657, 0.061395080707148345]",0.8379053549331273,0.5555859975499615,"{'math': 0.002242882112836739, 'retrieval': 0.0014581308344943106, 'code': 0.0011383938102458076, 'composed_retrieval_math': 0.0009238858357107836, 'composed_math_string': 0.0018406218274870667}",1301,Task/load correlation is descriptive; it does not establish semantic expert specialization.
conductor_sft,1,32,32,1.0,"[0.003843197540353574, 0.02786318216756341, 0.019792467332820907, 0.05332436587240584, 0.02699846272098386, 0.01623750960799385, 0.04016141429669485, 0.0015372790161414297, 0.125, 0.0001921598770176787, 0.0018255188316679478, 0.007974634896233667, 0.01950422751729439, 0.125, 0.04362029208301307, 0.014508070714834743, 0.001056879323597233, 0.0047079169869331285, 0.005668716372021522, 0.125, 0.03996925441967717, 0.01787086856264412, 0.011049192928516525, 0.03747117601844735, 0.006245196003074558, 0.055438124519600306, 0.00874327440430438, 0.0016333589546502691, 0.02699846272098386, 0.03939277478862414, 0.05015372790161414, 0.041218293620292085]",0.7646997619682792,1.1027946501489239,"{'math': 0.0011930474028709315, 'retrieval': 0.0016038590873366603, 'code': 0.0006870612880796035, 'composed_retrieval_math': 0.0021700667045045927, 'composed_math_string': 0.0014010976289870304}",1301,Task/load correlation is descriptive; it does not establish semantic expert specialization.
conductor_sft,2,32,32,1.0,"[0.027574942352036894, 0.06014604150653344, 0.015661029976940816, 0.0034588777863182167, 0.008358954650269024, 0.029016141429669486, 0.0028823981552651805, 0.004900076863950807, 0.011433512682551883, 0.0011529592621060721, 0.0007686395080707148, 0.013066871637202153, 0.02421214450422752, 0.0027863182167563415, 0.004227517294388932, 0.018927747886241353, 0.03237893927747886, 0.015564950038431976, 0.05361260568793236, 0.030265180630284397, 0.041122213681783246, 0.0047079169869331285, 0.06235588009223674, 0.01210607225211376, 0.125, 0.04640661029976941, 0.125, 0.016525749423520367, 0.095695618754804, 0.0014411990776325902, 0.08214834742505765, 0.0270945426594927]",0.8523924420462603,1.084444695486645,"{'math': 0.002087841954948211, 'retrieval': 0.0015570121034372978, 'code': 0.0011407529925881693, 'composed_retrieval_math': 0.001553945108448183, 'composed_math_string': 0.0018930713573797084}",1301,Task/load correlation is descriptive; it does not establish semantic expert specialization.
conductor_sft,3,32,32,1.0,"[0.05169100691775557, 0.028727901614142966, 0.09223674096848578, 0.003747117601844735, 0.07254035357417371, 0.006437355880092237, 0.04141045349730976, 0.03506917755572637, 0.0032667179093005382, 0.03391621829362029, 0.0180630284396618, 0.01066487317448117, 0.011241352805534205, 0.05735972328977709, 0.006149116064565719, 0.004035357417371253, 0.0324750192159877, 0.0012490392006149116, 0.05226748654880861, 0.0005764796310530361, 0.003843197540353574, 0.02680630284396618, 0.025749423520368946, 0.01921598770176787, 0.07936202920830131, 0.001345119139123751, 0.07436587240584167, 0.04410069177555726, 0.028727901614142966, 0.008647194465795541, 0.0749423520368947, 0.049769408147578784]",0.8699374816869263,0.8468573040269505,"{'math': 0.002037805998000296, 'retrieval': 0.0026199379514391524, 'code': 0.0023570295237751626, 'composed_retrieval_math': 0.002705777684264188, 'composed_math_string': 0.003212083359773768}",1301,Task/load correlation is descriptive; it does not establish semantic expert specialization.
conductor_sft,4,32,32,1.0,"[0.05774404304381245, 0.0483282090699462, 0.00739815526518063, 0.01614142966948501, 0.009511913912375096, 0.04141045349730976, 0.03497309761721752, 0.020561106840891623, 0.053036126056879324, 0.007590315142198309, 0.036222136817832436, 0.008358954650269024, 0.07426979246733283, 0.026421983089930823, 0.04986548808608762, 0.029112221368178325, 0.009223674096848577, 0.016525749423520367, 0.056110684089162186, 0.023539584934665642, 0.015180630284396618, 0.0270945426594927, 0.013162951575710992, 0.041218293620292085, 0.03189853958493467, 0.024500384319754036, 0.05092236740968486, 0.027767102229054572, 0.0419869331283628, 0.005380476556495004, 0.08099538816295157, 0.01354727132974635]",0.8846673938147619,0.6299717145915401,"{'math': 0.0017621952313867403, 'retrieval': 0.0022426601994661737, 'code': 0.001357374383385438, 'composed_retrieval_math': 0.0020232823791007594, 'composed_math_string': 0.0027258755952254956}",1301,Task/load correlation is descriptive; it does not establish semantic expert specialization.
conductor_sft,5,32,32,1.0,"[0.0067255956956187544, 0.00874327440430438, 0.013739431206764028, 0.008455034588777863, 0.01662182936202921, 0.012682551883166795, 0.00874327440430438, 0.016525749423520367, 0.10386241352805534, 0.037086856264411994, 0.028920061491160647, 0.015564950038431976, 0.005476556495003843, 0.04169869331283628, 0.01498847040737894, 0.029112221368178325, 0.041218293620292085, 0.014123750960799385, 0.03756725595695619, 0.017678708685626442, 0.06302843966179862, 0.013739431206764028, 0.04189085318985396, 0.02699846272098386, 0.12144504227517294, 0.01335511145272867, 0.04352421214450423, 0.03430053804765565, 0.009511913912375096, 0.036222136817832436, 0.09540737893927748, 0.021041506533435818]",0.8313178778381917,0.8982541599610876,"{'math': 0.0013456254418953836, 'retrieval': 0.002096023905913368, 'code': 0.001561373245892627, 'composed_retrieval_math': 0.0020428357445337712, 'composed_math_string': 0.001993237146057372}",1301,Task/load correlation is descriptive; it does not establish semantic expert specialization.
conductor_sft,6,32,32,1.0,"[0.04765564950038432, 0.0025941583397386626, 0.03333973866256726, 0.0032667179093005382, 0.043908531898539584, 0.05476556495003843, 0.047943889315910836, 0.03391621829362029, 0.001056879323597233, 0.030169100691775558, 0.02824750192159877, 0.017390468870099922, 0.07004227517294388, 0.05476556495003843, 0.04602229054573405, 0.006821675634127594, 0.03670253651037663, 0.0207532667179093, 0.016910069177555727, 0.025172943889315912, 0.027671022290545733, 0.09588777863182167, 0.005092236740968486, 0.03900845503458878, 0.015853189853958494, 0.07407763259031515, 0.007302075326671791, 0.007878554957724828, 0.012682551883166795, 0.0356456571867794, 0.027671022290545733, 0.0297847809377402]",0.8682397066060783,0.7099566683230448,"{'math': 0.002447960373946349, 'retrieval': 0.003360105023854639, 'code': 0.0028336277259482273, 'composed_retrieval_math': 0.002199469633503997, 'composed_math_string': 0.001175779977060973}",1301,Task/load correlation is descriptive; it does not establish semantic expert specialization.
conductor_sft,7,32,32,1.0,"[0.035261337432744046, 0.004611837048424289, 0.002498078401229823, 0.04352421214450423, 0.061875480399692546, 0.06917755572636433, 0.021714066102997694, 0.030841660261337434, 0.02824750192159877, 0.035357417371252885, 0.032186779400461184, 0.03689469638739431, 0.003170637970791699, 0.061395080707148345, 0.04160261337432744, 0.002113758647194466, 0.04093005380476557, 0.0541890853189854, 0.043908531898539584, 0.03977709454265949, 0.03823981552651806, 0.01950422751729439, 0.017678708685626442, 0.03228285933897002, 0.008455034588777863, 0.02526902382782475, 0.02132974634896234, 0.00605303612605688, 0.03401229823212913, 0.02719062259800154, 0.027382782475019216, 0.05332436587240584]",0.8985657502347235,0.5634856169082677,"{'math': 0.00438308622100976, 'retrieval': 0.003596611092284768, 'code': 0.0018323814444789657, 'composed_retrieval_math': 0.00396470306780046, 'composed_math_string': 0.0029026525186465735}",1301,Task/load correlation is descriptive; it does not establish semantic expert specialization.
conductor_sft,8,32,32,1.0,"[0.04640661029976941, 0.03161029976940815, 0.004611837048424289, 0.03180245964642583, 0.009607993850883935, 0.03430053804765565, 0.028920061491160647, 0.033724058416602615, 0.08253266717909301, 0.09185242121445042, 0.01777478862413528, 0.028055342044581093, 0.006245196003074558, 0.005572636433512683, 0.014315910837817063, 0.07993850883935434, 0.025845503458877785, 0.023347425057647964, 0.022674865488086088, 0.06437355880092237, 0.03872021521906226, 0.023443504996156803, 0.002690238278247502, 0.012970791698693312, 0.006341275941583398, 0.007686395080707148, 0.015084550345887779, 0.06764027671022291, 0.030841660261337434, 0.06773635664873175, 0.03920061491160646, 0.004131437355880092]",0.9041116185423389,0.7855788985185674,"{'math': 0.004170356665088502, 'retrieval': 0.002370848283080252, 'code': 0.0016100235440423517, 'composed_retrieval_math': 0.0024360209294125726, 'composed_math_string': 0.00311239833412616}",1301,Task/load correlation is descriptive; it does not establish semantic expert specialization.
conductor_sft,9,32,32,1.0,"[0.10242121445042275, 0.018927747886241353, 0.04659877017678709, 0.04650269023827825, 0.005668716372021522, 0.04141045349730976, 0.01960030745580323, 0.05149884704073789, 0.03756725595695619, 0.03554957724827056, 0.031994619523443506, 0.027959262106072254, 0.028920061491160647, 0.026229823212913145, 0.008551114527286702, 0.009896233666410454, 0.005668716372021522, 0.06101076095311299, 0.009127594158339738, 0.062163720215219063, 0.018543428132205997, 0.05841660261337433, 0.04160261337432744, 0.00749423520368947, 0.01787086856264412, 0.011049192928516525, 0.023923904688701, 0.023923904688701, 0.03449269792467333, 0.026037663335895463, 0.037951575710991545, 0.021425826287471177]",0.9228794229457699,0.6570258173550394,"{'math': 0.0019667843338591734, 'retrieval': 0.0045675207450087685, 'code': 0.0015717651098400814, 'composed_retrieval_math': 0.002088391446049627, 'composed_math_string': 0.0020599336559250668}",1301,Task/load correlation is descriptive; it does not establish semantic expert specialization.
conductor_sft,10,32,32,1.0,"[0.039488854727132976, 0.033051498847040735, 0.0266141429669485, 0.07436587240584167, 0.04525365103766334, 0.037855495772482706, 0.10117217524980784, 0.0032667179093005382, 0.0015372790161414297, 0.010953112990007686, 0.0090315142198309, 0.030265180630284397, 0.009896233666410454, 0.012394312067640276, 0.01642966948501153, 0.012394312067640276, 0.007302075326671791, 0.01787086856264412, 0.030361260568793236, 0.0048039969254419675, 9.607993850883935e-05, 0.056206764027671025, 0.043812451960030745, 0.03862413528055342, 0.03574173712528824, 0.033820138355111454, 0.07744043043812451, 0.033627978478093776, 0.011145272867025366, 0.011721752498078402, 0.09540737893927748, 0.038047655649500384]",0.9194501735966222,0.8277555050802268,"{'math': 0.0025304098318933693, 'retrieval': 0.0020018447725314572, 'code': 0.00199888939174502, 'composed_retrieval_math': 0.0023216354325083614, 'composed_math_string': 0.0021204812231026436}",1301,Task/load correlation is descriptive; it does not establish semantic expert specialization.
conductor_sft,11,32,32,1.0,"[0.013643351268255189, 0.01047271329746349, 0.04928900845503459, 0.021906225980015372, 0.001921598770176787, 0.04006533435818601, 0.06629515757109916, 0.03939277478862414, 0.017102229054573405, 0.0712913143735588, 0.028055342044581093, 0.04602229054573405, 0.012970791698693312, 0.003939277478862414, 0.03257109915449654, 0.04400461183704842, 0.008070714834742506, 0.04890468870099923, 0.05245964642582629, 0.024788624135280553, 0.017390468870099922, 0.028151421983089932, 0.005572636433512683, 0.033724058416602615, 0.033820138355111454, 0.01614142966948501, 0.03747117601844735, 0.005284396617986164, 0.018543428132205997, 0.0451575710991545, 0.0018255188316679478, 0.12375096079938509]",0.9112107628742648,0.791871806092669,"{'math': 0.00305256322220792, 'retrieval': 0.0026418484710983526, 'code': 0.0021173983530644418, 'composed_retrieval_math': 0.0022739913497360174, 'composed_math_string': 0.001957595323203865}",1301,Task/load correlation is descriptive; it does not establish semantic expert specialization.
conductor_sft,12,32,31,0.96875,"[0.04429285165257494, 0.0024019984627209837, 0.005188316679477325, 0.03574173712528824, 0.0015372790161414297, 0.003939277478862414, 0.062163720215219063, 0.03852805534204458, 0.06379707916986933, 0.009319754035357418, 0.001056879323597233, 0.07282859338970023, 0.003747117601844735, 0.06821675634127594, 0.01181783243658724, 0.05351652574942352, 0.0011529592621060721, 0.0451575710991545, 0.0947348193697156, 0.08848962336664104, 0.01931206764027671, 0.003554957724827056, 0.01614142966948501, 0.0015372790161414297, 0.056014604150653347, 0.0025941583397386626, 0.0008647194465795542, 0.0014411990776325902, 0.08445426594926979, 0.0, 0.0988662567255957, 0.007590315142198309]",0.9151232324459703,1.0450328736008359,"{'math': 0.0031970925213118703, 'retrieval': 0.0026838816288192882, 'code': 0.0016137383927192078, 'composed_retrieval_math': 0.0024342592672544146, 'composed_math_string': 0.002546783709339596}",1301,Task/load correlation is descriptive; it does not establish semantic expert specialization.
conductor_sft,13,32,30,0.9375,"[0.07359723289777094, 0.007590315142198309, 0.07369331283627978, 0.042851652574942355, 0.023539584934665642, 0.00595695618754804, 0.0009607993850883935, 0.04313989239046887, 0.01969638739431207, 0.0015372790161414297, 0.0, 0.034780937740199844, 0.07090699461952345, 0.09540737893927748, 0.0003843197540353574, 0.0036510376633358955, 0.07609531129900077, 0.0686010760953113, 0.00739815526518063, 0.0020176787086856264, 0.008262874711760184, 0.006917755572636433, 0.07590315142198309, 0.002690238278247502, 0.0, 0.012298232129131437, 0.03823981552651806, 0.014700230591852421, 0.12384704073789393, 0.00297847809377402, 0.0020176787086856264, 0.060338201383551116]",0.9259778056995016,1.0873527087036414,"{'math': 0.005296561927731199, 'retrieval': 0.0028999901810415674, 'code': 0.0013230255465687922, 'composed_retrieval_math': 0.0016805950690498915, 'composed_math_string': 0.003735760168554608}",1301,Task/load correlation is descriptive; it does not establish semantic expert specialization.
conductor_sft,14,32,29,0.90625,"[0.029304381245196003, 0.0361260568793236, 0.06831283627978478, 0.008455034588777863, 0.0024019984627209837, 0.010857033051498847, 0.0005764796310530361, 0.11846656418139892, 0.0, 0.042755572636433516, 0.11154880860876248, 0.021906225980015372, 0.02132974634896234, 0.0930053804765565, 0.0595695618754804, 0.0005764796310530361, 0.005572636433512683, 0.0, 0.06869715603382014, 0.0, 0.003939277478862414, 0.0003843197540353574, 0.05678324365872406, 0.0033627978478093772, 0.013739431206764028, 0.06629515757109916, 0.001921598770176787, 0.05169100691775557, 0.036318216756341275, 0.0001921598770176787, 0.0005764796310530361, 0.06533435818601076]",0.9339780395015599,1.1036558041290354,"{'math': 0.0023389620203948898, 'retrieval': 0.0033415730950711216, 'code': 0.0019434475430801334, 'composed_retrieval_math': 0.002198183481556891, 'composed_math_string': 0.001834732604468842}",1301,Task/load correlation is descriptive; it does not establish semantic expert specialization.
conductor_sft,15,32,32,1.0,"[0.0005764796310530361, 0.03718293620292083, 0.006437355880092237, 0.03007302075326672, 0.0047079169869331285, 0.002498078401229823, 0.0030745580322828594, 0.01037663335895465, 0.02834358186010761, 0.06235588009223674, 0.12067640276710223, 0.0048039969254419675, 0.00451575710991545, 0.05274788624135281, 0.0005764796310530361, 0.018351268255188315, 0.04486933128362798, 0.047847809377402, 0.10001921598770176, 0.04602229054573405, 0.004323597232897771, 0.017198308993082244, 0.05822444273635665, 0.05082628747117602, 0.0001921598770176787, 0.03718293620292083, 0.007782475019215988, 0.0011529592621060721, 0.08599154496541123, 0.04006533435818601, 0.026902382782475018, 0.04410069177555726]",0.9045327500932582,0.9710515086051595,"{'math': 0.003140319950286476, 'retrieval': 0.003387053009686149, 'code': 0.0015605342941625395, 'composed_retrieval_math': 0.0024436803366197223, 'composed_math_string': 0.002779953294890251}",1301,Task/load correlation is descriptive; it does not establish semantic expert specialization.
conductor_sft,16,32,30,0.9375,"[0.09166026133743274, 0.0033627978478093772, 0.041122213681783246, 0.033724058416602615, 0.03910453497309762, 0.018831667947732514, 0.02555726364335127, 0.036318216756341275, 0.05197924673328209, 0.0008647194465795542, 0.02680630284396618, 0.01066487317448117, 0.08464642582628747, 0.0023059185242121443, 0.031033820138355112, 0.0034588777863182167, 0.01633358954650269, 0.04438893159108378, 0.04246733282090699, 0.004131437355880092, 0.10828209069946196, 0.0, 0.001345119139123751, 0.0852229054573405, 0.0, 0.02786318216756341, 0.06062644119907763, 0.015372790161414296, 0.005860876249039201, 0.014123750960799385, 0.0007686395080707148, 0.071771714066103]",0.9176280418134958,0.9574777777610972,"{'math': 0.003494951986132097, 'retrieval': 0.0023713547824395042, 'code': 0.001800141431090333, 'composed_retrieval_math': 0.0019261641275527788, 'composed_math_string': 0.0015629749902287453}",1301,Task/load correlation is descriptive; it does not establish semantic expert specialization.
conductor_sft,17,32,31,0.96875,"[0.05505380476556495, 0.018831667947732514, 0.03814373558800922, 0.0015372790161414297, 0.04410069177555726, 0.06283627978478094, 0.060530361260568794, 0.006437355880092237, 0.03170637970791699, 0.004131437355880092, 0.06091468101460415, 0.11933128362797848, 0.0, 0.024788624135280553, 0.0003843197540353574, 0.06398923904688701, 0.0009607993850883935, 0.0015372790161414297, 0.0207532667179093, 0.010760953112990008, 0.009223674096848577, 0.03112990007686395, 0.0297847809377402, 0.0735011529592621, 0.0007686395080707148, 0.11356648731744812, 0.009896233666410454, 0.026037663335895463, 0.01950422751729439, 0.0017294388931591083, 0.04237125288239815, 0.015757109915449655]",0.9329748203087819,0.9938689927519696,"{'math': 0.003175703797352025, 'retrieval': 0.0028508049282532063, 'code': 0.002568758020828597, 'composed_retrieval_math': 0.0023173912752009963, 'composed_math_string': 0.0015614250385028866}",1301,Task/load correlation is descriptive; it does not establish semantic expert specialization.
conductor_sft,18,32,31,0.96875,"[0.0, 0.018159108378170637, 0.04496541122213682, 0.05217140661029977, 0.07993850883935434, 0.020465026902382784, 0.058800922367409685, 0.024500384319754036, 0.0016333589546502691, 0.06735203689469639, 0.001056879323597233, 0.0207532667179093, 0.0023059185242121443, 0.07945810914681015, 0.01479631053036126, 0.022674865488086088, 0.03679861644888547, 0.029016141429669486, 0.002113758647194466, 0.02824750192159877, 0.0016333589546502691, 0.02526902382782475, 0.04093005380476557, 0.03122598001537279, 0.052940046118370485, 0.03285933897002306, 0.0266141429669485, 0.08685626441199078, 0.026902382782475018, 0.0009607993850883935, 0.005380476556495004, 0.0632205995388163]",0.9326661908453948,0.7977612060734531,"{'math': 0.0034366816268689244, 'retrieval': 0.0025842450656853645, 'code': 0.0020497279985993745, 'composed_retrieval_math': 0.0021151153655729706, 'composed_math_string': 0.002412970270086439}",1301,Task/load correlation is descriptive; it does not establish semantic expert specialization.
conductor_sft,19,32,32,1.0,"[0.005572636433512683, 0.02824750192159877, 0.014604150653343582, 0.0632205995388163, 0.00297847809377402, 0.07263643351268255, 0.005476556495003843, 0.0030745580322828594, 0.04448501152959262, 0.0361260568793236, 0.008358954650269024, 0.001345119139123751, 0.034780937740199844, 0.03237893927747886, 0.003843197540353574, 0.07503843197540354, 0.005764796310530361, 0.041218293620292085, 0.03766333589546503, 0.0505380476556495, 0.07465411222136818, 0.013931591083781706, 0.002498078401229823, 0.05236356648731745, 0.05409300538047656, 0.03574173712528824, 0.007109915449654112, 0.03324365872405842, 0.03823981552651806, 0.04083397386625673, 0.06879323597232898, 0.011145272867025366]",0.9390870535805196,0.7576543997105591,"{'math': 0.003987133710940645, 'retrieval': 0.001719729760029928, 'code': 0.0014863322012841173, 'composed_retrieval_math': 0.0017159119623506944, 'composed_math_string': 0.0022878298635791777}",1301,Task/load correlation is descriptive; it does not establish semantic expert specialization.
conductor_sft,20,32,32,1.0,"[0.07888162951575711, 0.10069177555726365, 0.025653343581860107, 0.01623750960799385, 0.020176787086856263, 0.0001921598770176787, 0.07292467332820907, 0.002498078401229823, 0.12125288239815527, 0.00297847809377402, 0.008839354342813221, 0.10453497309761722, 0.007974634896233667, 0.002690238278247502, 0.009415833973866257, 0.024692544196771714, 0.014411990776325902, 0.06389315910837817, 0.0048039969254419675, 0.06014604150653344, 0.0023059185242121443, 0.050441967717140664, 0.026037663335895463, 0.0066295157571099154, 0.0028823981552651805, 0.020561106840891623, 0.025941583397386624, 0.04265949269792468, 0.028055342044581093, 0.01335511145272867, 0.0007686395080707148, 0.03747117601844735]",0.9493673497690787,1.0544627817844447,"{'math': 0.0029591390138153646, 'retrieval': 0.003409739073665269, 'code': 0.002274734890815981, 'composed_retrieval_math': 0.0022038136440532654, 'composed_math_string': 0.00232167187803724}",1301,Task/load correlation is descriptive; it does not establish semantic expert specialization.
conductor_sft,21,32,32,1.0,"[0.005476556495003843, 0.001345119139123751, 0.11827440430438124, 0.011433512682551883, 0.028823981552651805, 0.05159492697924673, 0.00605303612605688, 0.011721752498078402, 0.034588777863182166, 0.04102613374327441, 0.022770945426594927, 0.00893543428132206, 0.002690238278247502, 0.11539200614911606, 0.026133743274404306, 0.036318216756341275, 0.010857033051498847, 0.00048039969254419675, 0.002498078401229823, 0.09896233666410453, 0.007974634896233667, 0.06927363566487317, 0.004131437355880092, 0.036990776325903155, 0.0415065334358186, 0.040641813989239044, 0.0018255188316679478, 0.05486164488854727, 0.026518063028439662, 0.06677555726364336, 0.001921598770176787, 0.012202152190622598]",0.958664975214971,1.031330598307792,"{'math': 0.0032317123046247823, 'retrieval': 0.0036346833041377, 'code': 0.0028270815098069444, 'composed_retrieval_math': 0.004284230435495678, 'composed_math_string': 0.0033583705018032997}",1301,Task/load correlation is descriptive; it does not establish semantic expert specialization.
conductor_sft,22,32,32,1.0,"[0.001345119139123751, 0.0028823981552651805, 0.0025941583397386626, 0.12346272098385858, 0.11904304381245195, 0.010088393543428132, 0.014700230591852421, 0.0030745580322828594, 0.05976172175249808, 0.08387778631821675, 0.004996156802459646, 0.003554957724827056, 0.11952344350499616, 0.0649500384319754, 0.002690238278247502, 0.03516525749423521, 0.0048039969254419675, 0.0067255956956187544, 0.0024019984627209837, 0.1159684857801691, 0.003843197540353574, 0.01210607225211376, 0.0011529592621060721, 0.0009607993850883935, 0.012298232129131437, 0.00451575710991545, 0.01191391237509608, 0.012202152190622598, 0.0007686395080707148, 0.07052267486548809, 0.0003843197540353574, 0.08772098385857033]",0.9494226397193283,1.3352954345515469,"{'math': 0.005174213555127854, 'retrieval': 0.002108727688657215, 'code': 0.003176267654202232, 'composed_retrieval_math': 0.004342615960616587, 'composed_math_string': 0.0035778075754127215}",1301,Task/load correlation is descriptive; it does not establish semantic expert specialization.
conductor_sft,23,32,31,0.96875,"[0.0, 0.10021137586471944, 0.02132974634896234, 0.0952152190622598, 0.036222136817832436, 0.06600691775557263, 0.00451575710991545, 0.12173328209069946, 0.010184473481936972, 0.12269408147578785, 0.003747117601844735, 0.007782475019215988, 0.02382782475019216, 0.002498078401229823, 0.0032667179093005382, 0.1232705611068409, 0.0005764796310530361, 0.003939277478862414, 0.029016141429669486, 0.0007686395080707148, 0.08916218293620293, 0.001345119139123751, 0.0024019984627209837, 0.0011529592621060721, 0.0297847809377402, 0.003939277478862414, 0.040545734050730205, 0.009607993850883935, 0.0015372790161414297, 0.0015372790161414297, 0.0030745580322828594, 0.03910453497309762]",0.8766304387952866,1.3002581585379036,"{'math': 0.006414150354873912, 'retrieval': 0.0033984876583142767, 'code': 0.0028350036373348975, 'composed_retrieval_math': 0.004088734021666967, 'composed_math_string': 0.004023554018162193}",1301,Task/load correlation is descriptive; it does not establish semantic expert specialization.
conductor_preference,0,32,32,1.0,"[0.0473674096848578, 0.047079169869331285, 0.003939277478862414, 0.04448501152959262, 0.0036510376633358955, 0.03689469638739431, 0.03823981552651806, 0.057167563412759415, 0.006917755572636433, 0.05197924673328209, 0.03862413528055342, 0.0036510376633358955, 0.048616448885472716, 0.0649500384319754, 0.03324365872405842, 0.018447348193697154, 0.00749423520368947, 0.03353189853958494, 0.03170637970791699, 0.027478862413528055, 0.0011529592621060721, 0.03516525749423521, 0.041218293620292085, 0.02555726364335127, 0.034684857801691005, 0.020272867025365102, 0.027382782475019216, 0.021714066102997694, 0.01498847040737894, 0.047943889315910836, 0.02555726364335127, 0.058897002305918524]",0.8420472111309666,0.5543575066955707,"{'math': 0.0014914227000169247, 'retrieval': 0.002373525746558393, 'code': 0.0024405569013835164, 'composed_retrieval_math': 0.0019549358993665713, 'composed_math_string': 0.0014780536738158137}",1301,Task/load correlation is descriptive; it does not establish semantic expert specialization.
conductor_preference,1,32,32,1.0,"[0.003554957724827056, 0.027286702536510377, 0.01931206764027671, 0.05082628747117602, 0.02546118370484243, 0.01623750960799385, 0.03747117601844735, 0.0015372790161414297, 0.125, 0.0003843197540353574, 0.0015372790161414297, 0.008551114527286702, 0.01911990776325903, 0.125, 0.042083013066871636, 0.012202152190622598, 0.0016333589546502691, 0.004419677171406611, 0.008551114527286702, 0.125, 0.042947732513451194, 0.017102229054573405, 0.01181783243658724, 0.0383358954650269, 0.005092236740968486, 0.05745580322828593, 0.01047271329746349, 0.001345119139123751, 0.02507686395080707, 0.040641813989239044, 0.05197924673328209, 0.04256341275941583]",0.7558705274780825,1.1040612351976844,"{'math': 0.0014565640348239827, 'retrieval': 0.0019309465512227961, 'code': 0.0010889822351839349, 'composed_retrieval_math': 0.0021076471829886588, 'composed_math_string': 0.0008755704087672509}",1301,Task/load correlation is descriptive; it does not establish semantic expert specialization.
conductor_preference,2,32,32,1.0,"[0.028823981552651805, 0.06418139892390469, 0.015853189853958494, 0.003170637970791699, 0.009704073789392774, 0.03132205995388163, 0.0015372790161414297, 0.005476556495003843, 0.01210607225211376, 0.0015372790161414297, 0.0007686395080707148, 0.012682551883166795, 0.021810146041506533, 0.0025941583397386626, 0.006437355880092237, 0.020080707148347424, 0.028631821675634127, 0.01671790930053805, 0.055630284396617984, 0.02949654112221368, 0.044581091468101464, 0.003939277478862414, 0.060434281322059955, 0.012586471944657956, 0.125, 0.04890468870099923, 0.125, 0.018255188316679476, 0.0893543428132206, 0.001345119139123751, 0.07955418908531899, 0.02248270561106841]",0.8498054084211013,1.0730072420253651,"{'math': 0.002746236693550776, 'retrieval': 0.0018506891346385885, 'code': 0.0014061402341730214, 'composed_retrieval_math': 0.0019271965546911953, 'composed_math_string': 0.002174021451798381}",1301,Task/load correlation is descriptive; it does not establish semantic expert specialization.
conductor_preference,3,32,32,1.0,"[0.053228285933897, 0.025845503458877785, 0.09089162182936203, 0.003939277478862414, 0.07013835511145274, 0.00739815526518063, 0.04265949269792468, 0.03651037663335895, 0.006437355880092237, 0.0334358186010761, 0.020080707148347424, 0.009607993850883935, 0.01181783243658724, 0.05226748654880861, 0.005572636433512683, 0.004323597232897771, 0.030745580322828592, 0.001056879323597233, 0.05812836279784781, 0.00048039969254419675, 0.003843197540353574, 0.0297847809377402, 0.02786318216756341, 0.015661029976940816, 0.08109146810146041, 0.001345119139123751, 0.07359723289777094, 0.042947732513451194, 0.026902382782475018, 0.00739815526518063, 0.07465411222136818, 0.050345887778631825]",0.8692210812261508,0.8429554639460031,"{'math': 0.0018658920897777773, 'retrieval': 0.002951709123535642, 'code': 0.002583369411587902, 'composed_retrieval_math': 0.0030055184820090217, 'composed_math_string': 0.0024839079739681267}",1301,Task/load correlation is descriptive; it does not establish semantic expert specialization.
conductor_preference,4,32,32,1.0,"[0.053036126056879324, 0.048039969254419675, 0.007013835511145273, 0.01498847040737894, 0.009511913912375096, 0.04688700999231361, 0.03747117601844735, 0.024308224442736358, 0.055534204458109145, 0.008358954650269024, 0.03324365872405842, 0.010184473481936972, 0.07398155265180631, 0.02786318216756341, 0.05111452728670254, 0.027574942352036894, 0.009127594158339738, 0.018255188316679476, 0.058897002305918524, 0.016910069177555727, 0.01671790930053805, 0.02546118370484243, 0.015372790161414296, 0.03823981552651806, 0.02786318216756341, 0.027286702536510377, 0.05255572636433513, 0.02507686395080707, 0.04093005380476557, 0.006821675634127594, 0.07638355111452728, 0.01498847040737894]",0.8840517017411501,0.6172031692868467,"{'math': 0.0019619012022157943, 'retrieval': 0.0031713340435755638, 'code': 0.0013864767510278298, 'composed_retrieval_math': 0.0031385959367771932, 'composed_math_string': 0.0024412808703580375}",1301,Task/load correlation is descriptive; it does not establish semantic expert specialization.
conductor_preference,5,32,32,1.0,"[0.0065334358186010764, 0.008358954650269024, 0.012778631821675634, 0.008070714834742506, 0.012202152190622598, 0.010568793235972328, 0.00893543428132206, 0.017390468870099922, 0.10338201383551114, 0.035261337432744046, 0.0361260568793236, 0.015180630284396618, 0.005380476556495004, 0.04265949269792468, 0.013835511145272867, 0.029016141429669486, 0.04256341275941583, 0.012586471944657956, 0.03747117601844735, 0.017582628747117603, 0.06735203689469639, 0.015853189853958494, 0.04342813220599539, 0.025845503458877785, 0.12173328209069946, 0.014508070714834743, 0.043908531898539584, 0.03132205995388163, 0.009127594158339738, 0.03516525749423521, 0.09329362029208302, 0.02257878554957725]",0.8313616752758297,0.9047354273755764,"{'math': 0.0008948267396891815, 'retrieval': 0.002389687134398551, 'code': 0.0018847768590488975, 'composed_retrieval_math': 0.002142328811388698, 'composed_math_string': 0.0015062098117419264}",1301,Task/load correlation is descriptive; it does not establish semantic expert specialization.
conductor_preference,6,32,32,1.0,"[0.047175249807840124, 0.00297847809377402, 0.035261337432744046, 0.0033627978478093772, 0.030553420445810914, 0.0568793235972329, 0.04852036894696388, 0.035261337432744046, 0.0023059185242121443, 0.034684857801691005, 0.024884704073789392, 0.014315910837817063, 0.06956187548039969, 0.060338201383551116, 0.046983089930822446, 0.0067255956956187544, 0.03891237509607994, 0.023347425057647964, 0.015661029976940816, 0.02834358186010761, 0.02536510376633359, 0.09598385857033051, 0.004996156802459646, 0.03593389700230592, 0.016045349730976172, 0.07311683320522674, 0.0090315142198309, 0.00605303612605688, 0.012874711760184473, 0.03756725595695619, 0.026133743274404306, 0.030841660261337434]",0.8718474283139153,0.7151731334220071,"{'math': 0.0018613836325701914, 'retrieval': 0.004686835483005647, 'code': 0.0030062198131162047, 'composed_retrieval_math': 0.002329809334291251, 'composed_math_string': 0.0010410225436018083}",1301,Task/load correlation is descriptive; it does not establish semantic expert specialization.
conductor_preference,7,32,32,1.0,"[0.035453497309761724, 0.004323597232897771, 0.002690238278247502, 0.045445810914681015, 0.06648731744811684, 0.06936971560338201, 0.022290545734050732, 0.02997694081475788, 0.024019984627209837, 0.03285933897002306, 0.029208301306687164, 0.03727901614142967, 0.0028823981552651805, 0.0668716372021522, 0.03747117601844735, 0.0030745580322828594, 0.042851652574942355, 0.05534204458109147, 0.038047655649500384, 0.03939277478862414, 0.03660645657186779, 0.02363566487317448, 0.019408147578785548, 0.030457340507302075, 0.010088393543428132, 0.027767102229054572, 0.02209838585703305, 0.0067255956956187544, 0.03430053804765565, 0.0270945426594927, 0.028055342044581093, 0.04842428900845504]",0.9018352550122234,0.5676635460703305,"{'math': 0.005220918021465056, 'retrieval': 0.004074577245129088, 'code': 0.00170953715453203, 'composed_retrieval_math': 0.0030767758055822154, 'composed_math_string': 0.002229731091938201}",1301,Task/load correlation is descriptive; it does not establish semantic expert specialization.
conductor_preference,8,32,32,1.0,"[0.048808608762490394, 0.030169100691775558, 0.005380476556495004, 0.03141813989239047, 0.01047271329746349, 0.042083013066871636, 0.0270945426594927, 0.03410837817063797, 0.08205226748654881, 0.10078785549577249, 0.017006149116064566, 0.025653343581860107, 0.0067255956956187544, 0.006149116064565719, 0.015468870099923137, 0.08186010760953114, 0.030553420445810914, 0.01931206764027671, 0.01748654880860876, 0.053900845503458875, 0.03843197540353574, 0.02248270561106841, 0.0028823981552651805, 0.010088393543428132, 0.005668716372021522, 0.007782475019215988, 0.020368946963873945, 0.06898539584934665, 0.028823981552651805, 0.06427747886241353, 0.036318216756341275, 0.00739815526518063]",0.9049620137136135,0.7982179610936299,"{'math': 0.0037772108158800263, 'retrieval': 0.003174962533210862, 'code': 0.0027720424025274477, 'composed_retrieval_math': 0.0040120734442084405, 'composed_math_string': 0.002525194245585901}",1301,Task/load correlation is descriptive; it does not establish semantic expert specialization.
conductor_preference,9,32,32,1.0,"[0.10395849346656418, 0.01633358954650269, 0.04755956956187548, 0.04592621060722521, 0.004419677171406611, 0.038816295157571096, 0.01796694850115296, 0.04477325134511914, 0.0441967717140661, 0.03122598001537279, 0.030361260568793236, 0.022770945426594927, 0.02824750192159877, 0.025941583397386624, 0.005860876249039201, 0.011625672559569563, 0.005764796310530361, 0.06245196003074558, 0.007974634896233667, 0.06350883935434282, 0.015180630284396618, 0.055630284396617984, 0.061202920830130667, 0.008455034588777863, 0.017582628747117603, 0.01748654880860876, 0.021137586471944657, 0.023443504996156803, 0.03237893927747886, 0.029400461183704842, 0.03727901614142967, 0.021137586471944657]",0.9263218602577113,0.6833248387658531,"{'math': 0.001848981136956032, 'retrieval': 0.004323598082048589, 'code': 0.002333778358554588, 'composed_retrieval_math': 0.0032484962584906326, 'composed_math_string': 0.002513635315343687}",1301,Task/load correlation is descriptive; it does not establish semantic expert specialization.
conductor_preference,10,32,31,0.96875,"[0.037086856264411994, 0.03449269792467333, 0.0266141429669485, 0.0649500384319754, 0.04900076863950807, 0.03852805534204458, 0.10261337432744043, 0.003170637970791699, 0.0017294388931591083, 0.009223674096848577, 0.006437355880092237, 0.03122598001537279, 0.009704073789392774, 0.014219830899308224, 0.012490392006149115, 0.00605303612605688, 0.007109915449654112, 0.017582628747117603, 0.027478862413528055, 0.005284396617986164, 0.0, 0.056302843966179864, 0.04016141429669485, 0.03737509607993851, 0.03670253651037663, 0.03593389700230592, 0.08224442736356649, 0.03420445810914681, 0.007974634896233667, 0.013066871637202153, 0.11212528823981553, 0.03891237509607994]",0.9192259274671484,0.8850075137514412,"{'math': 0.002383953756282485, 'retrieval': 0.002948177753729628, 'code': 0.001813134349364085, 'composed_retrieval_math': 0.0028102464351117762, 'composed_math_string': 0.0012265967663016638}",1301,Task/load correlation is descriptive; it does not establish semantic expert specialization.
conductor_preference,11,32,32,1.0,"[0.009127594158339738, 0.01210607225211376, 0.02988086087624904, 0.02363566487317448, 0.0009607993850883935, 0.04035357417371253, 0.0644696387394312, 0.04563797079169869, 0.018447348193697154, 0.06091468101460415, 0.014315910837817063, 0.04006533435818601, 0.014411990776325902, 0.007686395080707148, 0.03228285933897002, 0.04025749423520369, 0.013162951575710992, 0.058897002305918524, 0.07523059185242122, 0.018543428132205997, 0.017582628747117603, 0.031033820138355112, 0.00451575710991545, 0.025653343581860107, 0.02834358186010761, 0.017390468870099922, 0.030169100691775558, 0.007782475019215988, 0.020176787086856263, 0.06302843966179862, 0.010088393543428132, 0.12384704073789393]",0.9146665336666803,0.8115766380128266,"{'math': 0.002650228886727264, 'retrieval': 0.006577498843800376, 'code': 0.003275080695698639, 'composed_retrieval_math': 0.0035694249552507317, 'composed_math_string': 0.0024749591216491396}",1301,Task/load correlation is descriptive; it does not establish semantic expert specialization.
conductor_preference,12,32,29,0.90625,"[0.052940046118370485, 0.0025941583397386626, 0.0027863182167563415, 0.011433512682551883, 0.00028823981552651804, 0.00605303612605688, 0.05659108378170638, 0.03660645657186779, 0.07417371252882399, 0.00297847809377402, 0.00048039969254419675, 0.0766717909300538, 0.0, 0.06610299769408147, 0.0047079169869331285, 0.048039969254419675, 0.0001921598770176787, 0.05265180630284397, 0.11760184473481937, 0.09175634127594158, 0.006149116064565719, 0.0025941583397386626, 0.0066295157571099154, 0.0005764796310530361, 0.04256341275941583, 0.001345119139123751, 0.0001921598770176787, 0.0, 0.10789777094542659, 0.0, 0.11923520368946963, 0.008166794773251345]",0.9162251735403693,1.2291894043344063,"{'math': 0.0027321489394160547, 'retrieval': 0.002542570249580244, 'code': 0.0013278275506550096, 'composed_retrieval_math': 0.0020416500446561446, 'composed_math_string': 0.0013083418516640615}",1301,Task/load correlation is descriptive; it does not establish semantic expert specialization.
conductor_preference,13,32,30,0.9375,"[0.06485395849346656, 0.005284396617986164, 0.08599154496541123, 0.04602229054573405, 0.04583013066871637, 0.010857033051498847, 0.0001921598770176787, 0.06427747886241353, 0.020465026902382784, 0.0011529592621060721, 0.0, 0.03727901614142967, 0.05812836279784781, 0.12000384319754036, 0.0, 0.001921598770176787, 0.07042659492697925, 0.06533435818601076, 0.003939277478862414, 0.0011529592621060721, 0.005668716372021522, 0.009896233666410454, 0.07071483474250577, 0.0011529592621060721, 0.0003843197540353574, 0.004035357417371253, 0.026037663335895463, 0.011529592621060722, 0.12384704073789393, 0.001921598770176787, 0.0012490392006149116, 0.040449654112221366]",0.9244382151054035,1.1401615831872118,"{'math': 0.0023654085231471786, 'retrieval': 0.0022949104629648573, 'code': 0.0011981364334142726, 'composed_retrieval_math': 0.0021138284746601535, 'composed_math_string': 0.0010856206443238207}",1301,Task/load correlation is descriptive; it does not establish semantic expert specialization.
conductor_preference,14,32,28,0.875,"[0.026229823212913145, 0.04400461183704842, 0.06427747886241353, 0.007302075326671791, 0.0022098385857033053, 0.0024019984627209837, 0.0001921598770176787, 0.12240584166026133, 0.0, 0.06341275941583398, 0.12077248270561107, 0.024404304381245197, 0.012682551883166795, 0.06725595695618755, 0.07532667179093006, 0.0011529592621060721, 0.00595695618754804, 0.0, 0.08848962336664104, 0.0, 0.005764796310530361, 0.0001921598770176787, 0.08147578785549578, 0.002113758647194466, 0.01181783243658724, 0.014027671022290546, 0.001345119139123751, 0.05774404304381245, 0.03823981552651806, 9.607993850883935e-05, 0.0, 0.058704842428900846]",0.927725412125522,1.1762816350703786,"{'math': 0.001769601174080593, 'retrieval': 0.003228203979392457, 'code': 0.00186021804860362, 'composed_retrieval_math': 0.0030570831196924417, 'composed_math_string': 0.0021528606411106506}",1301,Task/load correlation is descriptive; it does not establish semantic expert specialization.
conductor_preference,15,32,31,0.96875,"[0.0007686395080707148, 0.01796694850115296, 0.007686395080707148, 0.0356456571867794, 0.0023059185242121443, 0.0017294388931591083, 0.0032667179093005382, 0.0090315142198309, 0.018159108378170637, 0.06773635664873175, 0.12154112221368178, 0.0036510376633358955, 0.00028823981552651804, 0.04592621060722521, 0.0, 0.03766333589546503, 0.04650269023827825, 0.02988086087624904, 0.09194850115295926, 0.053036126056879324, 0.0036510376633358955, 0.00749423520368947, 0.07378939277478862, 0.05178708685626441, 0.0003843197540353574, 0.03161029976940815, 0.01671790930053805, 0.0007686395080707148, 0.08608762490392007, 0.051402767102229054, 0.021425826287471177, 0.06014604150653344]",0.8978508827857894,1.0065923598433897,"{'math': 0.003282901224048556, 'retrieval': 0.003862260282025835, 'code': 0.001595425432843137, 'composed_retrieval_math': 0.0024297219901784446, 'composed_math_string': 0.0023294727564531063}",1301,Task/load correlation is descriptive; it does not establish semantic expert specialization.
conductor_preference,16,32,30,0.9375,"[0.10539969254419677, 0.0027863182167563415, 0.047079169869331285, 0.04073789392774789, 0.04160261337432744, 0.012202152190622598, 0.03718293620292083, 0.03497309761721752, 0.0324750192159877, 0.001056879323597233, 0.016910069177555727, 0.013739431206764028, 0.08685626441199078, 0.0023059185242121443, 0.02834358186010761, 0.0020176787086856264, 0.001921598770176787, 0.06302843966179862, 0.028727901614142966, 0.004035357417371253, 0.10117217524980784, 0.0, 0.0018255188316679478, 0.08531898539584935, 0.0, 0.024404304381245197, 0.06514219830899308, 0.008647194465795541, 0.007205995388162951, 0.038047655649500384, 0.0005764796310530361, 0.06427747886241353]",0.9076244762591491,0.9959455954854439,"{'math': 0.003249867331370987, 'retrieval': 0.0025688122149857846, 'code': 0.0012276952233305338, 'composed_retrieval_math': 0.0021619490919687974, 'composed_math_string': 0.001105063886069053}",1301,Task/load correlation is descriptive; it does not establish semantic expert specialization.
conductor_preference,17,32,32,1.0,"[0.02949654112221368, 0.01479631053036126, 0.031033820138355112, 0.0018255188316679478, 0.054669485011529594, 0.058897002305918524, 0.051402767102229054, 0.005092236740968486, 0.03689469638739431, 0.003843197540353574, 0.06091468101460415, 0.11577632590315143, 0.0001921598770176787, 0.04938508839354343, 0.0014411990776325902, 0.05572636433512682, 0.0014411990776325902, 0.001921598770176787, 0.023251345119139125, 0.01066487317448117, 0.007974634896233667, 0.021137586471944657, 0.029400461183704842, 0.06764027671022291, 0.0032667179093005382, 0.10751345119139123, 0.006341275941583398, 0.04669485011529593, 0.04400461183704842, 0.004419677171406611, 0.04410069177555726, 0.008839354342813221]",0.9186703511161608,0.9524346130980976,"{'math': 0.0027715650694162338, 'retrieval': 0.003800205267410915, 'code': 0.00273497339300506, 'composed_retrieval_math': 0.003188339236747908, 'composed_math_string': 0.0016542160678184393}",1301,Task/load correlation is descriptive; it does not establish semantic expert specialization.
conductor_preference,18,32,32,1.0,"[0.0001921598770176787, 0.0483282090699462, 0.03112990007686395, 0.047175249807840124, 0.08877786318216756, 0.015564950038431976, 0.042275172943889314, 0.04775172943889316, 0.0006725595695618755, 0.07955418908531899, 0.001345119139123751, 0.016045349730976172, 0.002690238278247502, 0.06475787855495772, 0.014508070714834743, 0.01633358954650269, 0.03766333589546503, 0.03862413528055342, 0.001921598770176787, 0.027767102229054572, 0.003554957724827056, 0.01614142966948501, 0.03583781706379708, 0.03987317448116833, 0.05486164488854727, 0.05928132205995388, 0.011241352805534205, 0.05659108378170638, 0.029112221368178325, 0.0022098385857033053, 0.006149116064565719, 0.062067640276710224]",0.9249740247407949,0.7831456083961856,"{'math': 0.002859655651568598, 'retrieval': 0.0036999951996797777, 'code': 0.0023502665777584246, 'composed_retrieval_math': 0.0027860682019699495, 'composed_math_string': 0.0014815392590688701}",1301,Task/load correlation is descriptive; it does not establish semantic expert specialization.
conductor_preference,19,32,32,1.0,"[0.005764796310530361, 0.029400461183704842, 0.0180630284396618, 0.03516525749423521, 0.00297847809377402, 0.07955418908531899, 0.005188316679477325, 0.0034588777863182167, 0.08051498847040738, 0.03987317448116833, 0.005188316679477325, 0.0023059185242121443, 0.045349730976172176, 0.03449269792467333, 0.036222136817832436, 0.03401229823212913, 0.003554957724827056, 0.047943889315910836, 0.013066871637202153, 0.05207532667179093, 0.07330899308224442, 0.005380476556495004, 0.008647194465795541, 0.053804765564950036, 0.04477325134511914, 0.03766333589546503, 0.003747117601844735, 0.04160261337432744, 0.04410069177555726, 0.04141045349730976, 0.05755188316679477, 0.013835511145272867]",0.9232098462198809,0.7441538078431255,"{'math': 0.002321843470701253, 'retrieval': 0.0024301290179775466, 'code': 0.0013283792457190059, 'composed_retrieval_math': 0.002179819294627531, 'composed_math_string': 0.0017994021540015395}",1301,Task/load correlation is descriptive; it does not establish semantic expert specialization.
conductor_preference,20,32,32,1.0,"[0.07205995388162952, 0.1101076095311299, 0.03574173712528824, 0.03747117601844735, 0.011625672559569563, 0.0003843197540353574, 0.07119523443504996, 0.004035357417371253, 0.09396617986164489, 0.004900076863950807, 0.02238662567255957, 0.0483282090699462, 0.010088393543428132, 0.0025941583397386626, 0.004227517294388932, 0.010088393543428132, 0.03333973866256726, 0.06667947732513452, 0.0065334358186010764, 0.05265180630284397, 0.003170637970791699, 0.09492697924673328, 0.014411990776325902, 0.012298232129131437, 0.0024019984627209837, 0.01210607225211376, 0.03651037663335895, 0.035357417371252885, 0.036222136817832436, 0.02257878554957725, 0.001345119139123751, 0.030265180630284397]",0.9394844251399647,0.9652300401433993,"{'math': 0.0035973866671360597, 'retrieval': 0.0028300283269105772, 'code': 0.0022801744912589565, 'composed_retrieval_math': 0.003565141878808049, 'composed_math_string': 0.0034192901818800338}",1301,Task/load correlation is descriptive; it does not establish semantic expert specialization.
conductor_preference,21,32,32,1.0,"[0.004419677171406611, 0.0011529592621060721, 0.11702536510376634, 0.0032667179093005382, 0.05236356648731745, 0.06341275941583398, 0.0027863182167563415, 0.016045349730976172, 0.0266141429669485, 0.06514219830899308, 0.010184473481936972, 0.015949269792467333, 0.00451575710991545, 0.10857033051498848, 0.03449269792467333, 0.0441967717140661, 0.010280553420445811, 0.0027863182167563415, 0.0027863182167563415, 0.08406994619523443, 0.02671022290545734, 0.06245196003074558, 0.004419677171406611, 0.01960030745580323, 0.01498847040737894, 0.02719062259800154, 0.0017294388931591083, 0.02824750192159877, 0.015276710222905457, 0.08272482705611069, 0.007974634896233667, 0.03862413528055342]",0.9473308873635314,1.0177495488746637,"{'math': 0.005044670714743311, 'retrieval': 0.004958112075317949, 'code': 0.002158157578029908, 'composed_retrieval_math': 0.004124368030117341, 'composed_math_string': 0.003883923925974466}",1301,Task/load correlation is descriptive; it does not establish semantic expert specialization.
conductor_preference,22,32,32,1.0,"[0.0011529592621060721, 0.015661029976940816, 0.002113758647194466, 0.12336664104534974, 0.07926594926979247, 0.022674865488086088, 0.05245964642582629, 0.004419677171406611, 0.05207532667179093, 0.03497309761721752, 0.024500384319754036, 0.0009607993850883935, 0.12490392006149116, 0.03679861644888547, 0.00297847809377402, 0.05851268255188317, 0.0036510376633358955, 0.020561106840891623, 0.0036510376633358955, 0.08022674865488086, 0.014315910837817063, 0.021714066102997694, 0.0008647194465795542, 0.0011529592621060721, 0.036990776325903155, 0.015276710222905457, 0.04602229054573405, 0.012778631821675634, 0.0003843197540353574, 0.042755572636433516, 0.011337432744043044, 0.05149884704073789]",0.9266494882387076,1.054805911017967,"{'math': 0.007513632027315695, 'retrieval': 0.0062988845732787815, 'code': 0.0032675458807326194, 'composed_retrieval_math': 0.0051095683495288, 'composed_math_string': 0.0060915761241110535}",1301,Task/load correlation is descriptive; it does not establish semantic expert specialization.
conductor_preference,23,32,31,0.96875,"[0.0, 0.11423904688700999, 0.024116064565718676, 0.04016141429669485, 0.10078785549577249, 0.034780937740199844, 0.005476556495003843, 0.003747117601844735, 0.010953112990007686, 0.07772867025365104, 0.0065334358186010764, 0.008647194465795541, 0.09531129900076864, 0.005092236740968486, 0.0034588777863182167, 0.0036510376633358955, 0.05764796310530361, 0.005092236740968486, 0.018831667947732514, 0.004900076863950807, 0.0839738662567256, 0.0015372790161414297, 0.001921598770176787, 0.001345119139123751, 0.01479631053036126, 0.006245196003074558, 0.06744811683320523, 0.07532667179093006, 0.0023059185242121443, 0.0007686395080707148, 0.12259800153727901, 0.0005764796310530361]",0.9155425027242344,1.2280299709358187,"{'math': 0.006261008463047031, 'retrieval': 0.005016314584609638, 'code': 0.002706006745264811, 'composed_retrieval_math': 0.00525100172449494, 'composed_math_string': 0.005399052694313895}",1301,Task/load correlation is descriptive; it does not establish semantic expert specialization.
